local_15min,grid
2015-10-02 05:00:00,1.0997333333333332
2015-10-02 05:15:00,0.8472
2015-10-02 05:30:00,1.148
2015-10-02 05:45:00,0.6870666666666666
2015-10-02 06:00:00,1.8175333333333332
2015-10-02 06:15:00,0.8578
2015-10-02 06:30:00,1.1207333333333331
2015-10-02 06:45:00,0.9188666666666666
2015-10-02 07:00:00,2.2942
2015-10-02 07:15:00,1.4039333333333333
2015-10-02 07:30:00,1.0856666666666668
2015-10-02 07:45:00,1.761
2015-10-02 08:00:00,0.239
2015-10-02 08:15:00,0.29
2015-10-02 08:30:00,1.0684
2015-10-02 08:45:00,-0.5155333333333332
2015-10-02 09:00:00,1.0762666666666667
2015-10-02 09:15:00,-0.8933333333333331
2015-10-02 09:30:00,-1.5993333333333333
2015-10-02 09:45:00,-1.0228666666666664
2015-10-02 10:00:00,-2.135
2015-10-02 10:15:00,-1.7894666666666668
2015-10-02 10:30:00,-1.2214666666666667
2015-10-02 10:45:00,-2.756533333333333
2015-10-02 11:00:00,-2.317533333333333
2015-10-02 11:15:00,-1.377133333333333
2015-10-02 11:30:00,-2.9042
2015-10-02 11:45:00,-2.046133333333333
2015-10-02 12:00:00,-1.7275333333333331
2015-10-02 12:15:00,-2.6407333333333334
2015-10-02 12:30:00,-3.1811333333333334
2015-10-02 12:45:00,-1.3428666666666669
2015-10-02 13:00:00,-3.01
2015-10-02 13:15:00,-1.2463333333333333
2015-10-02 13:30:00,-2.998733333333333
2015-10-02 13:45:00,-1.1396666666666668
2015-10-02 14:00:00,-2.6124666666666667
2015-10-02 14:15:00,-0.933
2015-10-02 14:30:00,-1.8024666666666669
2015-10-02 14:45:00,-1.6921333333333333
2015-10-02 15:00:00,-0.0254
2015-10-02 15:15:00,0.0942
2015-10-02 15:30:00,0.7713333333333331
2015-10-02 15:45:00,1.1176666666666668
2015-10-02 16:00:00,0.4624666666666666
2015-10-02 16:15:00,1.9944666666666668
2015-10-02 16:30:00,0.42986666666666656
2015-10-02 16:45:00,2.4830666666666668
2015-10-02 17:00:00,2.046333333333333
2015-10-02 17:15:00,1.7845333333333333
2015-10-02 17:30:00,3.1864
2015-10-02 17:45:00,1.7426666666666668
2015-10-02 18:00:00,3.2342666666666666
2015-10-02 18:15:00,1.7658666666666667
2015-10-02 18:30:00,3.6352666666666664
2015-10-02 18:45:00,2.097933333333333
2015-10-02 19:00:00,1.6958666666666669
2015-10-02 19:15:00,3.0118
2015-10-02 19:30:00,2.210933333333333
2015-10-02 19:45:00,1.0453333333333332
2015-10-02 20:00:00,2.9750666666666667
2015-10-02 20:15:00,2.1222
2015-10-02 20:30:00,1.3304
2015-10-02 20:45:00,2.720933333333333
2015-10-02 21:00:00,2.244333333333333
2015-10-02 21:15:00,0.9809333333333332
2015-10-02 21:30:00,2.183466666666667
2015-10-02 21:45:00,0.8170666666666666
2015-10-02 22:00:00,2.0324
2015-10-02 22:15:00,0.552
2015-10-02 22:30:00,0.7019333333333332
2015-10-02 22:45:00,1.221
2015-10-02 23:00:00,1.996
2015-10-02 23:15:00,0.6190666666666667
2015-10-02 23:30:00,0.5243333333333332
2015-10-02 23:45:00,1.65
2015-10-03 00:00:00,0.9984666666666664
2015-10-03 00:15:00,0.597
2015-10-03 00:30:00,0.6102
2015-10-03 00:45:00,1.8604
2015-10-03 01:00:00,0.8403333333333332
2015-10-03 01:15:00,0.6486
2015-10-03 01:30:00,1.0236
2015-10-03 01:45:00,1.131133333333333
2015-10-03 02:00:00,0.7168666666666667
2015-10-03 02:15:00,0.5332666666666666
2015-10-03 02:30:00,0.870533333333333
2015-10-03 02:45:00,1.2928
2015-10-03 03:00:00,1.6564666666666668
2015-10-03 03:15:00,0.6843333333333332
2015-10-03 03:30:00,0.5753333333333333
2015-10-03 03:45:00,1.3156666666666668
2015-10-03 04:00:00,0.6721333333333332
2015-10-03 04:15:00,0.6334
2015-10-03 04:30:00,1.0993333333333333
2015-10-03 04:45:00,1.1638
2015-10-03 05:00:00,0.6416666666666666
2015-10-03 05:15:00,0.4978666666666666
2015-10-03 05:30:00,0.9147333333333332
2015-10-03 05:45:00,1.0683333333333331
2015-10-03 06:00:00,0.6635333333333332
2015-10-03 06:15:00,0.4946
2015-10-03 06:30:00,0.7227333333333332
2015-10-03 06:45:00,1.1361333333333332
2015-10-03 07:00:00,0.7738
2015-10-03 07:15:00,0.8900666666666666
2015-10-03 07:30:00,1.3342666666666667
2015-10-03 07:45:00,0.905
2015-10-03 08:00:00,-0.05513333333333332
2015-10-03 08:15:00,-0.5899333333333332
2015-10-03 08:30:00,0.4438666666666666
2015-10-03 08:45:00,0.2252
2015-10-03 09:00:00,-0.07866666666666665
2015-10-03 09:15:00,-1.5764
2015-10-03 09:30:00,-1.5972666666666668
2015-10-03 09:45:00,-1.9676
2015-10-03 10:00:00,-2.0516666666666667
2015-10-03 10:15:00,-2.0284
2015-10-03 10:30:00,-1.8046666666666669
2015-10-03 10:45:00,-2.4588
2015-10-03 11:00:00,-2.9027333333333334
2015-10-03 11:15:00,-2.7217333333333333
2015-10-03 11:30:00,-2.1656
2015-10-03 11:45:00,-2.5446
2015-10-03 12:00:00,-3.023133333333333
2015-10-03 12:15:00,-3.0033333333333334
2015-10-03 12:30:00,-2.2524
2015-10-03 12:45:00,0.43506666666666655
2015-10-03 13:00:00,-0.5068666666666666
2015-10-03 13:15:00,-0.7464666666666666
2015-10-03 13:30:00,0.5667333333333332
2015-10-03 13:45:00,-1.3582666666666667
2015-10-03 14:00:00,0.3216666666666666
2015-10-03 14:15:00,-1.4946
2015-10-03 14:30:00,-0.2322666666666666
2015-10-03 14:45:00,-1.0561333333333331
2015-10-03 15:00:00,-0.7866666666666666
2015-10-03 15:15:00,1.0378
2015-10-03 15:30:00,-0.324
2015-10-03 15:45:00,0.657
2015-10-03 16:00:00,1.1972666666666667
2015-10-03 16:15:00,0.4996
2015-10-03 16:30:00,0.3943333333333333
2015-10-03 16:45:00,1.2878666666666667
2015-10-03 17:00:00,1.7257333333333331
2015-10-03 17:15:00,0.2738
2015-10-03 17:30:00,2.099333333333333
2015-10-03 17:45:00,1.6828666666666667
2015-10-03 18:00:00,1.2762
2015-10-03 18:15:00,1.8284
2015-10-03 18:30:00,2.5451333333333332
2015-10-03 18:45:00,2.0885333333333334
2015-10-03 19:00:00,1.5327333333333333
2015-10-03 19:15:00,2.241
2015-10-03 19:30:00,1.4110666666666667
2015-10-03 19:45:00,1.6203333333333332
2015-10-03 20:00:00,2.456933333333333
2015-10-03 20:15:00,0.7518666666666666
2015-10-03 20:30:00,1.9629333333333332
2015-10-03 20:45:00,0.5512
2015-10-03 21:00:00,2.210666666666667
2015-10-03 21:15:00,1.5578666666666667
2015-10-03 21:30:00,1.7904
2015-10-03 21:45:00,2.377933333333333
2015-10-03 22:00:00,0.9710666666666664
2015-10-03 22:15:00,2.281133333333333
2015-10-03 22:30:00,0.9668
2015-10-03 22:45:00,2.009533333333333
2015-10-03 23:00:00,1.8943333333333332
2015-10-03 23:15:00,1.3130666666666668
2015-10-03 23:30:00,2.091133333333333
2015-10-03 23:45:00,0.7092666666666666
2015-10-04 00:00:00,1.8324
2015-10-04 00:15:00,0.9266666666666664
2015-10-04 00:30:00,1.8116666666666668
2015-10-04 00:45:00,0.9436
2015-10-04 01:00:00,0.9212
2015-10-04 01:15:00,0.9147333333333332
2015-10-04 01:30:00,1.9586666666666668
2015-10-04 01:45:00,0.6648666666666666
2015-10-04 02:00:00,1.0839333333333332
2015-10-04 02:15:00,0.8896666666666666
2015-10-04 02:30:00,0.9520666666666664
2015-10-04 02:45:00,1.7373333333333332
2015-10-04 03:00:00,1.2645333333333333
2015-10-04 03:15:00,1.1
2015-10-04 03:30:00,1.0637333333333332
2015-10-04 03:45:00,1.7608666666666668
2015-10-04 04:00:00,1.8544
2015-10-04 04:15:00,0.9786
2015-10-04 04:30:00,0.8874
2015-10-04 04:45:00,1.1484666666666667
2015-10-04 05:00:00,2.3069333333333333
2015-10-04 05:15:00,0.7775333333333331
2015-10-04 05:30:00,0.5884666666666666
2015-10-04 05:45:00,0.989
2015-10-04 06:00:00,1.2330666666666668
2015-10-04 06:15:00,0.7282666666666665
2015-10-04 06:30:00,1.2181333333333333
2015-10-04 06:45:00,0.9387333333333332
2015-10-04 07:00:00,1.2745333333333333
2015-10-04 07:15:00,1.0094666666666663
2015-10-04 07:30:00,1.0459333333333332
2015-10-04 07:45:00,1.5296
2015-10-04 08:00:00,0.6222666666666666
2015-10-04 08:15:00,-0.6762
2015-10-04 08:30:00,-1.205466666666667
2015-10-04 08:45:00,-0.8784
2015-10-04 09:00:00,-1.1255333333333333
2015-10-04 09:15:00,-1.0033333333333332
2015-10-04 09:30:00,-1.3166
2015-10-04 09:45:00,-1.4732
2015-10-04 10:00:00,-1.844
2015-10-04 10:15:00,-2.3631333333333333
2015-10-04 10:30:00,-2.5354
2015-10-04 10:45:00,-2.184333333333333
2015-10-04 11:00:00,-2.667866666666667
2015-10-04 11:15:00,-2.9592666666666667
2015-10-04 11:30:00,-2.928466666666667
2015-10-04 11:45:00,-2.4528
2015-10-04 12:00:00,-1.6338
2015-10-04 12:15:00,-2.8390666666666666
2015-10-04 12:30:00,-2.5480666666666667
2015-10-04 12:45:00,-1.2368
2015-10-04 13:00:00,-2.8256666666666668
2015-10-04 13:15:00,-1.4287333333333332
2015-10-04 13:30:00,-2.7736
2015-10-04 13:45:00,-1.233
2015-10-04 14:00:00,-2.5845333333333333
2015-10-04 14:15:00,-0.5646666666666667
2015-10-04 14:30:00,-1.5079333333333331
2015-10-04 14:45:00,-0.2844
2015-10-04 15:00:00,-0.5529333333333332
2015-10-04 15:15:00,-0.28
2015-10-04 15:30:00,-0.41706666666666653
2015-10-04 15:45:00,0.573
2015-10-04 16:00:00,0.7352
2015-10-04 16:15:00,-0.2944666666666666
2015-10-04 16:30:00,1.1900666666666668
2015-10-04 16:45:00,1.3982
2015-10-04 17:00:00,0.7396
2015-10-04 17:15:00,0.97
2015-10-04 17:30:00,1.7972666666666668
2015-10-04 17:45:00,1.7493333333333332
2015-10-04 18:00:00,0.43106666666666654
2015-10-04 18:15:00,2.1206
2015-10-04 18:30:00,2.5565333333333333
2015-10-04 18:45:00,1.8619333333333332
2015-10-04 19:00:00,1.4988666666666668
2015-10-04 19:15:00,2.3214
2015-10-04 19:30:00,2.383
2015-10-04 19:45:00,1.3141333333333332
2015-10-04 20:00:00,1.5626
2015-10-04 20:15:00,2.097866666666667
2015-10-04 20:30:00,1.0818666666666668
2015-10-04 20:45:00,2.7025333333333332
2015-10-04 21:00:00,2.319
2015-10-04 21:15:00,2.8955333333333333
2015-10-04 21:30:00,3.001066666666667
2015-10-04 21:45:00,1.8218
2015-10-04 22:00:00,2.482466666666667
2015-10-04 22:15:00,2.0642666666666667
2015-10-04 22:30:00,1.8752666666666669
2015-10-04 22:45:00,2.017866666666667
2015-10-04 23:00:00,1.2032
2015-10-04 23:15:00,2.0894666666666666
2015-10-04 23:30:00,0.896733333333333
2015-10-04 23:45:00,1.5702666666666667
2015-10-05 00:00:00,1.0755333333333332
2015-10-05 00:15:00,0.8322666666666666
2015-10-05 00:30:00,1.9432
2015-10-05 00:45:00,0.741533333333333
2015-10-05 01:00:00,0.9480666666666664
2015-10-05 01:15:00,2.0761333333333334
2015-10-05 01:30:00,0.9882
2015-10-05 01:45:00,0.7396666666666666
2015-10-05 02:00:00,0.5756666666666665
2015-10-05 02:15:00,0.9101333333333332
2015-10-05 02:30:00,1.9075333333333333
2015-10-05 02:45:00,0.7191333333333332
2015-10-05 03:00:00,0.7936666666666666
2015-10-05 03:15:00,1.1428
2015-10-05 03:30:00,1.0120666666666664
2015-10-05 03:45:00,1.5463333333333331
2015-10-05 04:00:00,0.9036
2015-10-05 04:15:00,1.1902
2015-10-05 04:30:00,0.7594666666666666
2015-10-05 04:45:00,1.5721333333333332
2015-10-05 05:00:00,0.747533333333333
2015-10-05 05:15:00,1.0901333333333332
2015-10-05 05:30:00,0.6476666666666666
2015-10-05 05:45:00,0.7159333333333332
2015-10-05 06:00:00,1.1524666666666668
2015-10-05 06:15:00,1.572466666666667
2015-10-05 06:30:00,2.252533333333333
2015-10-05 06:45:00,1.1402
2015-10-05 07:00:00,1.5984
2015-10-05 07:15:00,2.780733333333333
2015-10-05 07:30:00,0.6257333333333333
2015-10-05 07:45:00,0.4926666666666666
2015-10-05 08:00:00,1.0562666666666665
2015-10-05 08:15:00,2.046066666666667
2015-10-05 08:30:00,0.03746666666666666
2015-10-05 08:45:00,-0.195
2015-10-05 09:00:00,0.2722
2015-10-05 09:15:00,0.3688
2015-10-05 09:30:00,0.826133333333333
2015-10-05 09:45:00,-0.2536666666666666
2015-10-05 10:00:00,0.2311333333333333
2015-10-05 10:15:00,-0.20273333333333327
2015-10-05 10:30:00,-0.9599333333333332
2015-10-05 10:45:00,-0.4875333333333332
2015-10-05 11:00:00,-2.320466666666667
2015-10-05 11:15:00,-2.6780666666666666
2015-10-05 11:30:00,-0.8351333333333331
2015-10-05 11:45:00,-1.058533333333333
2015-10-05 12:00:00,-1.8390666666666668
2015-10-05 12:15:00,-0.7188
2015-10-05 12:30:00,-1.875133333333333
2015-10-05 12:45:00,-0.671
2015-10-05 13:00:00,-1.6053333333333333
2015-10-05 13:15:00,-0.0344
2015-10-05 13:30:00,-1.3604666666666667
2015-10-05 13:45:00,0.6200666666666667
2015-10-05 14:00:00,0.8720666666666665
2015-10-05 14:15:00,-0.7973333333333331
2015-10-05 14:30:00,-1.5950666666666669
2015-10-05 14:45:00,-0.3923333333333333
2015-10-05 15:00:00,0.01833333333333333
2015-10-05 15:15:00,-0.2402
2015-10-05 15:30:00,1.9770666666666667
2015-10-05 15:45:00,1.0424666666666664
2015-10-05 16:00:00,0.5068
2015-10-05 16:15:00,2.94
2015-10-05 16:30:00,0.9755333333333333
2015-10-05 16:45:00,2.230866666666667
2015-10-05 17:00:00,2.151666666666667
2015-10-05 17:15:00,1.9493333333333331
2015-10-05 17:30:00,2.2034
2015-10-05 17:45:00,3.0763333333333334
2015-10-05 18:00:00,2.291266666666667
2015-10-05 18:15:00,3.3768
2015-10-05 18:30:00,2.736066666666667
2015-10-05 18:45:00,2.2503333333333333
2015-10-05 19:00:00,4.019
2015-10-05 19:15:00,2.332666666666667
2015-10-05 19:30:00,2.070133333333333
2015-10-05 19:45:00,3.275066666666667
2015-10-05 20:00:00,2.3070666666666666
2015-10-05 20:15:00,1.614866666666667
2015-10-05 20:30:00,3.2908
2015-10-05 20:45:00,2.5611333333333333
2015-10-05 21:00:00,1.8114
2015-10-05 21:15:00,2.219733333333333
2015-10-05 21:30:00,1.2412
2015-10-05 21:45:00,1.7286666666666668
2015-10-05 22:00:00,0.6075333333333331
2015-10-05 22:15:00,1.9498666666666669
2015-10-05 22:30:00,2.0738
2015-10-05 22:45:00,0.9630666666666664
2015-10-05 23:00:00,1.1519333333333333
2015-10-05 23:15:00,1.2476
2015-10-05 23:30:00,0.9842666666666664
2015-10-05 23:45:00,1.5436666666666667
2015-10-06 00:00:00,0.4783333333333332
2015-10-06 00:15:00,1.7645333333333333
2015-10-06 00:30:00,1.3476
2015-10-06 00:45:00,0.7443333333333331
2015-10-06 01:00:00,0.5475333333333332
2015-10-06 01:15:00,1.282333333333333
2015-10-06 01:30:00,1.572466666666667
2015-10-06 01:45:00,0.8020666666666666
2015-10-06 02:00:00,0.5472666666666666
2015-10-06 02:15:00,1.8218
2015-10-06 02:30:00,0.9684
2015-10-06 02:45:00,0.6336666666666666
2015-10-06 03:00:00,0.5335333333333332
2015-10-06 03:15:00,1.0556666666666663
2015-10-06 03:30:00,1.9748666666666668
2015-10-06 03:45:00,0.5530666666666666
2015-10-06 04:00:00,0.5496666666666666
2015-10-06 04:15:00,0.8391333333333331
2015-10-06 04:30:00,1.1561333333333332
2015-10-06 04:45:00,1.6943333333333332
2015-10-06 05:00:00,0.4792
2015-10-06 05:15:00,0.7464
2015-10-06 05:30:00,1.1961333333333333
2015-10-06 05:45:00,1.4280666666666668
2015-10-06 06:00:00,1.6964666666666668
2015-10-06 06:15:00,1.4242666666666668
2015-10-06 06:30:00,1.5685333333333331
2015-10-06 06:45:00,2.033466666666667
2015-10-06 07:00:00,2.0844
2015-10-06 07:15:00,1.7437333333333331
2015-10-06 07:30:00,0.8193333333333331
2015-10-06 07:45:00,0.7365333333333332
2015-10-06 08:00:00,0.40466666666666656
2015-10-06 08:15:00,-0.5351333333333332
2015-10-06 08:30:00,-0.5818666666666666
2015-10-06 08:45:00,-1.2233333333333332
2015-10-06 09:00:00,-1.0797333333333332
2015-10-06 09:15:00,-0.5349333333333331
2015-10-06 09:30:00,-1.4876
2015-10-06 09:45:00,-2.002333333333333
2015-10-06 10:00:00,-1.9768666666666668
2015-10-06 10:15:00,-0.6014
2015-10-06 10:30:00,-1.7671333333333332
2015-10-06 10:45:00,-2.369533333333333
2015-10-06 11:00:00,-1.4177333333333333
2015-10-06 11:15:00,-2.3026
2015-10-06 11:30:00,-2.570066666666667
2015-10-06 11:45:00,-2.6306
2015-10-06 12:00:00,-1.5504666666666669
2015-10-06 12:15:00,-1.122866666666667
2015-10-06 12:30:00,-2.781133333333333
2015-10-06 12:45:00,-1.4472666666666667
2015-10-06 13:00:00,-2.3558
2015-10-06 13:15:00,-1.6053333333333333
2015-10-06 13:30:00,-0.8239333333333331
2015-10-06 13:45:00,-1.174
2015-10-06 14:00:00,-2.244733333333333
2015-10-06 14:15:00,-0.9071333333333332
2015-10-06 14:30:00,-0.5409333333333332
2015-10-06 14:45:00,-1.206
2015-10-06 15:00:00,-0.1244
2015-10-06 15:15:00,0.2278
2015-10-06 15:30:00,-0.321
2015-10-06 15:45:00,-0.03333333333333333
2015-10-06 16:00:00,0.5604
2015-10-06 16:15:00,2.6192
2015-10-06 16:30:00,0.743
2015-10-06 16:45:00,1.860866666666667
2015-10-06 17:00:00,2.5434666666666668
2015-10-06 17:15:00,1.4639333333333333
2015-10-06 17:30:00,1.5878666666666668
2015-10-06 17:45:00,2.110466666666667
2015-10-06 18:00:00,2.937666666666667
2015-10-06 18:15:00,2.1638
2015-10-06 18:30:00,2.6567333333333334
2015-10-06 18:45:00,3.1196
2015-10-06 19:00:00,2.966133333333333
2015-10-06 19:15:00,2.7092
2015-10-06 19:30:00,3.3270666666666666
2015-10-06 19:45:00,3.8602
2015-10-06 20:00:00,2.508
2015-10-06 20:15:00,2.4798666666666667
2015-10-06 20:30:00,3.4504
2015-10-06 20:45:00,2.7576666666666667
2015-10-06 21:00:00,2.3471333333333333
2015-10-06 21:15:00,2.811733333333333
2015-10-06 21:30:00,3.119666666666667
2015-10-06 21:45:00,1.3424666666666667
2015-10-06 22:00:00,1.4953333333333332
2015-10-06 22:15:00,2.0886666666666667
2015-10-06 22:30:00,2.074266666666667
2015-10-06 22:45:00,0.9995333333333332
2015-10-06 23:00:00,1.505
2015-10-06 23:15:00,1.9746
2015-10-06 23:30:00,1.0554666666666663
2015-10-06 23:45:00,1.5922666666666667
2015-10-07 00:00:00,0.881
2015-10-07 00:15:00,1.9486666666666668
2015-10-07 00:30:00,1.5498666666666667
2015-10-07 00:45:00,0.9438666666666664
2015-10-07 01:00:00,0.8814
2015-10-07 01:15:00,1.883133333333333
2015-10-07 01:30:00,0.5636666666666666
2015-10-07 01:45:00,1.8306
2015-10-07 02:00:00,0.8312
2015-10-07 02:15:00,0.7135333333333332
2015-10-07 02:30:00,0.9089333333333331
2015-10-07 02:45:00,1.221933333333333
2015-10-07 03:00:00,1.8216
2015-10-07 03:15:00,0.7553333333333331
2015-10-07 03:30:00,0.6886
2015-10-07 03:45:00,1.283
2015-10-07 04:00:00,0.7138666666666666
2015-10-07 04:15:00,1.8054666666666668
2015-10-07 04:30:00,0.8132666666666666
2015-10-07 04:45:00,1.1559333333333333
2015-10-07 05:00:00,0.6790666666666666
2015-10-07 05:15:00,0.6531333333333332
2015-10-07 05:30:00,1.9399333333333333
2015-10-07 05:45:00,1.1828
2015-10-07 06:00:00,0.9571333333333332
2015-10-07 06:15:00,1.628
2015-10-07 06:30:00,2.628
2015-10-07 06:45:00,1.487866666666667
2015-10-07 07:00:00,2.147466666666667
2015-10-07 07:15:00,1.5814666666666668
2015-10-07 07:30:00,1.0550666666666664
2015-10-07 07:45:00,0.8924
2015-10-07 08:00:00,1.2330666666666668
2015-10-07 08:15:00,-0.2124
2015-10-07 08:30:00,-0.1896
2015-10-07 08:45:00,-0.4983333333333332
2015-10-07 09:00:00,-0.5476666666666666
2015-10-07 09:15:00,-0.4129333333333333
2015-10-07 09:30:00,-0.7259333333333332
2015-10-07 09:45:00,-1.2284
2015-10-07 10:00:00,-0.3284666666666666
2015-10-07 10:15:00,-1.3790666666666669
2015-10-07 10:30:00,-0.6048666666666666
2015-10-07 10:45:00,-0.808
2015-10-07 11:00:00,-0.06746666666666666
2015-10-07 11:15:00,-1.1807333333333332
2015-10-07 11:30:00,0.6844666666666666
2015-10-07 11:45:00,-1.0590666666666664
2015-10-07 12:00:00,-0.3439333333333333
2015-10-07 12:15:00,-1.9688
2015-10-07 12:30:00,-0.6706666666666666
2015-10-07 12:45:00,-1.1864
2015-10-07 13:00:00,-1.2666
2015-10-07 13:15:00,-0.2714
2015-10-07 13:30:00,-1.0077333333333331
2015-10-07 13:45:00,-1.3100666666666667
2015-10-07 14:00:00,-1.2698
2015-10-07 14:15:00,0.0934
2015-10-07 14:30:00,-0.4034
2015-10-07 14:45:00,-0.8046
2015-10-07 15:00:00,-1.0272
2015-10-07 15:15:00,0.0772
2015-10-07 15:30:00,0.526
2015-10-07 15:45:00,0.6502
2015-10-07 16:00:00,-0.3500666666666666
2015-10-07 16:15:00,1.4698
2015-10-07 16:30:00,1.4498
2015-10-07 16:45:00,1.067
2015-10-07 17:00:00,1.550266666666667
2015-10-07 17:15:00,2.691333333333333
2015-10-07 17:30:00,1.2497333333333331
2015-10-07 17:45:00,2.142533333333333
2015-10-07 18:00:00,2.590066666666667
2015-10-07 18:15:00,3.224933333333333
2015-10-07 18:30:00,1.9266666666666667
2015-10-07 18:45:00,2.148066666666667
2015-10-07 19:00:00,3.177
2015-10-07 19:15:00,2.5448
2015-10-07 19:30:00,1.6626
2015-10-07 19:45:00,3.336066666666667
2015-10-07 20:00:00,2.5788
2015-10-07 20:15:00,2.5719333333333334
2015-10-07 20:30:00,1.5872666666666668
2015-10-07 20:45:00,2.9312
2015-10-07 21:00:00,3.1948
2015-10-07 21:15:00,3.8738666666666663
2015-10-07 21:30:00,2.852733333333333
2015-10-07 21:45:00,2.906133333333333
2015-10-07 22:00:00,2.659733333333333
2015-10-07 22:15:00,2.796933333333333
2015-10-07 22:30:00,1.8190666666666668
2015-10-07 22:45:00,2.0775333333333332
2015-10-07 23:00:00,2.707133333333333
2015-10-07 23:15:00,2.162266666666667
2015-10-07 23:30:00,1.4916666666666667
2015-10-07 23:45:00,2.538733333333333
2015-10-08 00:00:00,1.9169333333333332
2015-10-08 00:15:00,0.7518
2015-10-08 00:30:00,2.308866666666667
2015-10-08 00:45:00,1.697
2015-10-08 01:00:00,1.152
2015-10-08 01:15:00,1.8962
2015-10-08 01:30:00,0.6601333333333332
2015-10-08 01:45:00,1.9604
2015-10-08 02:00:00,1.051
2015-10-08 02:15:00,1.7893333333333332
2015-10-08 02:30:00,0.5578
2015-10-08 02:45:00,1.87
2015-10-08 03:00:00,1.0729333333333333
2015-10-08 03:15:00,0.667
2015-10-08 03:30:00,1.7795333333333332
2015-10-08 03:45:00,0.7168666666666667
2015-10-08 04:00:00,1.0429333333333333
2015-10-08 04:15:00,1.931
2015-10-08 04:30:00,0.5102
2015-10-08 04:45:00,0.8798
2015-10-08 05:00:00,2.083
2015-10-08 05:15:00,0.7010666666666666
2015-10-08 05:30:00,0.5259333333333333
2015-10-08 05:45:00,1.0670666666666668
2015-10-08 06:00:00,1.9088
2015-10-08 06:15:00,0.9959333333333332
2015-10-08 06:30:00,1.0379333333333332
2015-10-08 06:45:00,1.4992666666666667
2015-10-08 07:00:00,2.4606
2015-10-08 07:15:00,1.2592666666666668
2015-10-08 07:30:00,2.0038
2015-10-08 07:45:00,1.246
2015-10-08 08:00:00,1.0442666666666665
2015-10-08 08:15:00,0.2136
2015-10-08 08:30:00,0.9083333333333332
2015-10-08 08:45:00,-0.3058
2015-10-08 09:00:00,-0.1445333333333333
2015-10-08 09:15:00,-1.177533333333333
2015-10-08 09:30:00,-1.3061333333333331
2015-10-08 09:45:00,-0.6580666666666666
2015-10-08 10:00:00,-2.0526
2015-10-08 10:15:00,-0.6282666666666666
2015-10-08 10:30:00,-1.8375333333333332
2015-10-08 10:45:00,-1.3601333333333332
2015-10-08 11:00:00,-1.9764
2015-10-08 11:15:00,-1.5680666666666667
2015-10-08 11:30:00,-1.919266666666667
2015-10-08 11:45:00,0.09933333333333333
2015-10-08 12:00:00,-0.1616
2015-10-08 12:15:00,-0.5433333333333332
2015-10-08 12:30:00,0.5692
2015-10-08 12:45:00,0.039266666666666665
2015-10-08 13:00:00,-0.022533333333333332
2015-10-08 13:15:00,0.0132
2015-10-08 13:30:00,0.5029333333333332
2015-10-08 13:45:00,0.1193333333333333
2015-10-08 14:00:00,0.5134666666666666
2015-10-08 14:15:00,0.769
2015-10-08 14:30:00,0.5114
2015-10-08 14:45:00,0.1465333333333333
2015-10-08 15:00:00,1.131133333333333
2015-10-08 15:15:00,1.9600666666666668
2015-10-08 15:30:00,0.7522666666666666
2015-10-08 15:45:00,1.7604666666666668
2015-10-08 16:00:00,0.7266666666666665
2015-10-08 16:15:00,1.7668666666666668
2015-10-08 16:30:00,1.7092
2015-10-08 16:45:00,1.1368666666666667
2015-10-08 17:00:00,2.784733333333333
2015-10-08 17:15:00,1.9334
2015-10-08 17:30:00,3.348666666666667
2015-10-08 17:45:00,2.4602
2015-10-08 18:00:00,4.2624
2015-10-08 18:15:00,3.4915333333333334
2015-10-08 18:30:00,2.703066666666667
2015-10-08 18:45:00,4.796
2015-10-08 19:00:00,2.9558666666666666
2015-10-08 19:15:00,2.9642
2015-10-08 19:30:00,4.1812
2015-10-08 19:45:00,3.1890666666666667
2015-10-08 20:00:00,2.739
2015-10-08 20:15:00,2.388066666666667
2015-10-08 20:30:00,3.7074666666666665
2015-10-08 20:45:00,2.892933333333333
2015-10-08 21:00:00,2.353466666666667
2015-10-08 21:15:00,2.6330666666666667
2015-10-08 21:30:00,3.1508
2015-10-08 21:45:00,2.5826
2015-10-08 22:00:00,1.5828
2015-10-08 22:15:00,2.840133333333333
2015-10-08 22:30:00,2.9480666666666666
2015-10-08 22:45:00,1.4805333333333333
2015-10-08 23:00:00,2.2108
2015-10-08 23:15:00,2.546333333333333
2015-10-08 23:30:00,2.672
2015-10-08 23:45:00,1.5558
2015-10-09 00:00:00,2.230933333333333
2015-10-09 00:15:00,2.155066666666667
2015-10-09 00:30:00,1.1484666666666667
2015-10-09 00:45:00,1.5111333333333332
2015-10-09 01:00:00,1.9140666666666668
2015-10-09 01:15:00,1.0982
2015-10-09 01:30:00,2.143466666666667
2015-10-09 01:45:00,0.6179333333333332
2015-10-09 02:00:00,2.254
2015-10-09 02:15:00,0.8976666666666666
2015-10-09 02:30:00,1.887133333333333
2015-10-09 02:45:00,0.6943333333333332
2015-10-09 03:00:00,0.9338
2015-10-09 03:15:00,1.9568666666666668
2015-10-09 03:30:00,0.7274666666666665
2015-10-09 03:45:00,1.6026
2015-10-09 04:00:00,1.5522
2015-10-09 04:15:00,0.9006666666666666
2015-10-09 04:30:00,0.6187333333333332
2015-10-09 04:45:00,1.9051333333333331
2015-10-09 05:00:00,1.3240666666666667
2015-10-09 05:15:00,0.6555333333333332
2015-10-09 05:30:00,1.8584666666666667
2015-10-09 05:45:00,0.8042666666666666
2015-10-09 06:00:00,2.0167333333333333
2015-10-09 06:15:00,2.8958
2015-10-09 06:30:00,1.0540666666666665
2015-10-09 06:45:00,1.2094
2015-10-09 07:00:00,3.091666666666667
2015-10-09 07:15:00,1.5514
2015-10-09 07:30:00,1.242133333333333
2015-10-09 07:45:00,2.1490666666666667
2015-10-09 08:00:00,1.0415333333333332
2015-10-09 08:15:00,1.9476
2015-10-09 08:30:00,0.4094
2015-10-09 08:45:00,1.564466666666667
2015-10-09 09:00:00,1.3504
2015-10-09 09:15:00,0.6653333333333332
2015-10-09 09:30:00,1.1886666666666668
2015-10-09 09:45:00,0.3405333333333333
2015-10-09 10:00:00,1.0674666666666668
2015-10-09 10:15:00,-0.2276
2015-10-09 10:30:00,1.3508666666666669
2015-10-09 10:45:00,0.7684
2015-10-09 11:00:00,0.5669333333333332
2015-10-09 11:15:00,-0.6726
2015-10-09 11:30:00,0.05533333333333332
2015-10-09 11:45:00,0.559
2015-10-09 12:00:00,0.06653333333333332
2015-10-09 12:15:00,-0.3248666666666666
2015-10-09 12:30:00,0.57
2015-10-09 12:45:00,0.9519333333333332
2015-10-09 13:00:00,-0.21453333333333327
2015-10-09 13:15:00,0.8874
2015-10-09 13:30:00,1.3162
2015-10-09 13:45:00,0.3696
2015-10-09 14:00:00,0.05346666666666666
2015-10-09 14:15:00,0.8627333333333331
2015-10-09 14:30:00,1.0411333333333332
2015-10-09 14:45:00,0.5877333333333332
2015-10-09 15:00:00,-0.186
2015-10-09 15:15:00,1.4926
2015-10-09 15:30:00,1.6122
2015-10-09 15:45:00,0.846333333333333
2015-10-09 16:00:00,0.7286666666666665
2015-10-09 16:15:00,2.1038
2015-10-09 16:30:00,2.5768666666666666
2015-10-09 16:45:00,1.5376
2015-10-09 17:00:00,1.1762666666666668
2015-10-09 17:15:00,3.2009333333333334
2015-10-09 17:30:00,1.9159333333333333
2015-10-09 17:45:00,1.6834666666666669
2015-10-09 18:00:00,3.6709333333333327
2015-10-09 18:15:00,2.387
2015-10-09 18:30:00,2.1134
2015-10-09 18:45:00,3.999533333333333
2015-10-09 19:00:00,3.368066666666667
2015-10-09 19:15:00,3.6006
2015-10-09 19:30:00,4.104066666666666
2015-10-09 19:45:00,4.058
2015-10-09 20:00:00,2.3629333333333333
2015-10-09 20:15:00,2.8594666666666666
2015-10-09 20:30:00,2.8312
2015-10-09 20:45:00,1.028
2015-10-09 21:00:00,2.0924666666666667
2015-10-09 21:15:00,2.3589333333333333
2015-10-09 21:30:00,1.4623333333333333
2015-10-09 21:45:00,1.1504666666666667
2015-10-09 22:00:00,1.9793333333333332
2015-10-09 22:15:00,0.6128
2015-10-09 22:30:00,1.8047333333333333
2015-10-09 22:45:00,0.4769333333333332
2015-10-09 23:00:00,1.813
2015-10-09 23:15:00,0.6475333333333332
2015-10-09 23:30:00,0.6595333333333332
2015-10-09 23:45:00,1.8794
2015-10-10 00:00:00,0.4389333333333333
2015-10-10 00:15:00,0.6654
2015-10-10 00:30:00,0.5332
2015-10-10 00:45:00,1.4410666666666667
2015-10-10 01:00:00,0.8027333333333331
2015-10-10 01:15:00,0.9316
2015-10-10 01:30:00,0.4596666666666666
2015-10-10 01:45:00,1.7198666666666669
2015-10-10 02:00:00,0.472
2015-10-10 02:15:00,0.9194
2015-10-10 02:30:00,0.4132
2015-10-10 02:45:00,1.6096666666666668
2015-10-10 03:00:00,0.4439333333333333
2015-10-10 03:15:00,0.8848
2015-10-10 03:30:00,0.384
2015-10-10 03:45:00,1.6218666666666668
2015-10-10 04:00:00,0.7102
2015-10-10 04:15:00,0.7578666666666666
2015-10-10 04:30:00,0.3765333333333333
2015-10-10 04:45:00,1.7275333333333331
2015-10-10 05:00:00,0.5770666666666666
2015-10-10 05:15:00,0.7018666666666666
2015-10-10 05:30:00,0.42446666666666655
2015-10-10 05:45:00,0.4986
2015-10-10 06:00:00,1.6468666666666667
2015-10-10 06:15:00,0.7244666666666665
2015-10-10 06:30:00,0.4365333333333333
2015-10-10 06:45:00,0.4680666666666666
2015-10-10 07:00:00,0.8994
2015-10-10 07:15:00,1.606933333333333
2015-10-10 07:30:00,0.39526666666666654
2015-10-10 07:45:00,0.2599333333333333
2015-10-10 08:00:00,0.3825333333333333
2015-10-10 08:15:00,-0.1783333333333333
2015-10-10 08:30:00,0.0022
2015-10-10 08:45:00,-1.1039333333333332
2015-10-10 09:00:00,-0.9378
2015-10-10 09:15:00,-1.2607333333333333
2015-10-10 09:30:00,-0.6420666666666666
2015-10-10 09:45:00,-1.9305333333333332
2015-10-10 10:00:00,-1.7931333333333332
2015-10-10 10:15:00,-2.1504
2015-10-10 10:30:00,-2.357133333333333
2015-10-10 10:45:00,-1.3614666666666668
2015-10-10 11:00:00,-2.271733333333333
2015-10-10 11:15:00,-2.8302
2015-10-10 11:30:00,-1.5270666666666668
2015-10-10 11:45:00,-2.9084
2015-10-10 12:00:00,-1.5981333333333332
2015-10-10 12:15:00,-2.916
2015-10-10 12:30:00,-1.2844
2015-10-10 12:45:00,-3.0007333333333333
2015-10-10 13:00:00,-1.4434
2015-10-10 13:15:00,-2.877466666666667
2015-10-10 13:30:00,-0.8334666666666666
2015-10-10 13:45:00,-2.752266666666667
2015-10-10 14:00:00,-0.982
2015-10-10 14:15:00,-1.8328666666666669
2015-10-10 14:30:00,-1.1527333333333332
2015-10-10 14:45:00,-0.5168
2015-10-10 15:00:00,-1.3971333333333331
2015-10-10 15:15:00,-0.7291333333333332
2015-10-10 15:30:00,0.21673333333333328
2015-10-10 15:45:00,-0.09386666666666664
2015-10-10 16:00:00,-0.5696666666666667
2015-10-10 16:15:00,0.8008
2015-10-10 16:30:00,1.4784
2015-10-10 16:45:00,0.7582666666666666
2015-10-10 17:00:00,0.5790666666666666
2015-10-10 17:15:00,1.708
2015-10-10 17:30:00,1.564533333333333
2015-10-10 17:45:00,1.3740666666666668
2015-10-10 18:00:00,0.6706666666666666
2015-10-10 18:15:00,2.3992
2015-10-10 18:30:00,2.4418
2015-10-10 18:45:00,1.5247333333333333
2015-10-10 19:00:00,1.3298
2015-10-10 19:15:00,2.4116
2015-10-10 19:30:00,2.4967333333333332
2015-10-10 19:45:00,1.6732
2015-10-10 20:00:00,1.1655333333333333
2015-10-10 20:15:00,2.139866666666667
2015-10-10 20:30:00,2.2296666666666667
2015-10-10 20:45:00,0.695
2015-10-10 21:00:00,1.9154
2015-10-10 21:15:00,1.927
2015-10-10 21:30:00,0.7023333333333333
2015-10-10 21:45:00,1.981
2015-10-10 22:00:00,0.6168
2015-10-10 22:15:00,1.7474
2015-10-10 22:30:00,1.719666666666667
2015-10-10 22:45:00,0.6661333333333332
2015-10-10 23:00:00,0.7279333333333332
2015-10-10 23:15:00,1.5064
2015-10-10 23:30:00,0.4988
2015-10-10 23:45:00,1.6647333333333332
2015-10-11 00:00:00,0.42646666666666655
2015-10-11 00:15:00,0.602
2015-10-11 00:30:00,2.063333333333333
2015-10-11 00:45:00,0.5411333333333332
2015-10-11 01:00:00,0.4651333333333332
2015-10-11 01:15:00,0.8234666666666666
2015-10-11 01:30:00,1.0049333333333332
2015-10-11 01:45:00,1.5292
2015-10-11 02:00:00,0.3508666666666666
2015-10-11 02:15:00,0.6998666666666666
2015-10-11 02:30:00,1.6577333333333333
2015-10-11 02:45:00,0.3630666666666666
2015-10-11 03:00:00,0.3616666666666666
2015-10-11 03:15:00,0.8216
2015-10-11 03:30:00,1.5754666666666668
2015-10-11 03:45:00,0.6630666666666666
2015-10-11 04:00:00,0.39586666666666653
2015-10-11 04:15:00,0.9266
2015-10-11 04:30:00,0.9583333333333331
2015-10-11 04:45:00,1.3846
2015-10-11 05:00:00,0.44926666666666654
2015-10-11 05:15:00,0.4994
2015-10-11 05:30:00,0.8382666666666666
2015-10-11 05:45:00,0.263
2015-10-11 06:00:00,1.612933333333333
2015-10-11 06:15:00,0.797
2015-10-11 06:30:00,0.655
2015-10-11 06:45:00,0.3121333333333333
2015-10-11 07:00:00,0.691
2015-10-11 07:15:00,1.0045333333333333
2015-10-11 07:30:00,0.5058666666666666
2015-10-11 07:45:00,0.99
2015-10-11 08:00:00,0.092
2015-10-11 08:15:00,-0.39226666666666654
2015-10-11 08:30:00,-0.6320666666666666
2015-10-11 08:45:00,-0.1976
2015-10-11 09:00:00,-1.241
2015-10-11 09:15:00,-1.002133333333333
2015-10-11 09:30:00,-1.5962
2015-10-11 09:45:00,-1.1367333333333332
2015-10-11 10:00:00,-1.5189333333333332
2015-10-11 10:15:00,-1.7275333333333331
2015-10-11 10:30:00,-2.267333333333333
2015-10-11 10:45:00,-2.510666666666667
2015-10-11 11:00:00,-1.3752
2015-10-11 11:15:00,-2.311
2015-10-11 11:30:00,-2.9026
2015-10-11 11:45:00,-2.2136
2015-10-11 12:00:00,-2.3866
2015-10-11 12:15:00,-1.4945333333333333
2015-10-11 12:30:00,-2.449666666666667
2015-10-11 12:45:00,-1.555
2015-10-11 13:00:00,-2.6772666666666667
2015-10-11 13:15:00,-0.9995333333333332
2015-10-11 13:30:00,-2.9228
2015-10-11 13:45:00,-1.0737333333333332
2015-10-11 14:00:00,-1.3552666666666668
2015-10-11 14:15:00,-1.8962
2015-10-11 14:30:00,-0.142
2015-10-11 14:45:00,-0.1968
2015-10-11 15:00:00,0.7567333333333331
2015-10-11 15:15:00,1.1096
2015-10-11 15:30:00,1.8182666666666667
2015-10-11 15:45:00,2.1929333333333334
2015-10-11 16:00:00,1.1012
2015-10-11 16:15:00,2.800333333333333
2015-10-11 16:30:00,1.5017333333333331
2015-10-11 16:45:00,2.8792
2015-10-11 17:00:00,1.3824
2015-10-11 17:15:00,3.5276666666666667
2015-10-11 17:30:00,1.8882
2015-10-11 17:45:00,3.4195333333333333
2015-10-11 18:00:00,2.449133333333333
2015-10-11 18:15:00,3.9207333333333327
2015-10-11 18:30:00,2.1664
2015-10-11 18:45:00,2.477866666666667
2015-10-11 19:00:00,3.8028666666666666
2015-10-11 19:15:00,2.7941333333333334
2015-10-11 19:30:00,2.558533333333333
2015-10-11 19:45:00,3.9524666666666666
2015-10-11 20:00:00,2.3922
2015-10-11 20:15:00,2.7532666666666668
2015-10-11 20:30:00,3.6194666666666664
2015-10-11 20:45:00,3.275733333333333
2015-10-11 21:00:00,4.310866666666667
2015-10-11 21:15:00,2.760533333333333
2015-10-11 21:30:00,2.170266666666667
2015-10-11 21:45:00,2.791866666666667
2015-10-11 22:00:00,2.5194
2015-10-11 22:15:00,1.2121333333333333
2015-10-11 22:30:00,1.8634666666666668
2015-10-11 22:45:00,2.5319333333333334
2015-10-11 23:00:00,1.599
2015-10-11 23:15:00,1.8205333333333331
2015-10-11 23:30:00,1.6600666666666668
2015-10-11 23:45:00,1.1572
2015-10-12 00:00:00,2.029266666666667
2015-10-12 00:15:00,2.215933333333333
2015-10-12 00:30:00,0.6992666666666666
2015-10-12 00:45:00,2.1374666666666666
2015-10-12 01:00:00,0.8176
2015-10-12 01:15:00,1.8056
2015-10-12 01:30:00,1.2785333333333333
2015-10-12 01:45:00,1.59
2015-10-12 02:00:00,1.1655333333333333
2015-10-12 02:15:00,1.1538666666666668
2015-10-12 02:30:00,1.3236
2015-10-12 02:45:00,1.5965333333333331
2015-10-12 03:00:00,0.44246666666666656
2015-10-12 03:15:00,1.8296666666666668
2015-10-12 03:30:00,0.7069333333333332
2015-10-12 03:45:00,2.022933333333333
2015-10-12 04:00:00,0.4968666666666666
2015-10-12 04:15:00,1.4764
2015-10-12 04:30:00,1.0544666666666664
2015-10-12 04:45:00,0.9466666666666664
2015-10-12 05:00:00,1.7814666666666668
2015-10-12 05:15:00,0.5232666666666665
2015-10-12 05:30:00,1.5091333333333332
2015-10-12 05:45:00,1.4599333333333333
2015-10-12 06:00:00,0.8777333333333331
2015-10-12 06:15:00,1.9094666666666669
2015-10-12 06:30:00,0.9944
2015-10-12 06:45:00,1.0666666666666669
2015-10-12 07:00:00,2.138466666666667
2015-10-12 07:15:00,1.1187333333333331
2015-10-12 07:30:00,1.3921333333333332
2015-10-12 07:45:00,0.9071333333333332
2015-10-12 08:00:00,1.7827333333333333
2015-10-12 08:15:00,-0.1363333333333333
2015-10-12 08:30:00,-0.20213333333333328
2015-10-12 08:45:00,0.3967333333333333
2015-10-12 09:00:00,-0.08553333333333332
2015-10-12 09:15:00,-0.8714666666666666
2015-10-12 09:30:00,-0.9257333333333332
2015-10-12 09:45:00,-0.022866666666666664
2015-10-12 10:00:00,-0.5207333333333332
2015-10-12 10:15:00,-1.8502666666666667
2015-10-12 10:30:00,-0.4315333333333333
2015-10-12 10:45:00,-0.6658
2015-10-12 11:00:00,-1.7061333333333333
2015-10-12 11:15:00,-0.6740666666666666
2015-10-12 11:30:00,0.02513333333333333
2015-10-12 11:45:00,-0.5676666666666667
2015-10-12 12:00:00,-1.7011333333333332
2015-10-12 12:15:00,-0.459
2015-10-12 12:30:00,-1.1948666666666667
2015-10-12 12:45:00,-0.5116
2015-10-12 13:00:00,-0.8102666666666666
2015-10-12 13:15:00,-1.8101333333333331
2015-10-12 13:30:00,-1.0544666666666664
2015-10-12 13:45:00,0.2568666666666666
2015-10-12 14:00:00,-1.361
2015-10-12 14:15:00,-0.6466666666666666
2015-10-12 14:30:00,0.2442
2015-10-12 14:45:00,-0.12846666666666665
2015-10-12 15:00:00,-0.6354
2015-10-12 15:15:00,0.9406
2015-10-12 15:30:00,1.1714666666666669
2015-10-12 15:45:00,0.538
2015-10-12 16:00:00,2.559066666666667
2015-10-12 16:15:00,1.3991333333333331
2015-10-12 16:30:00,3.105
2015-10-12 16:45:00,1.9059333333333333
2015-10-12 17:00:00,2.340133333333333
2015-10-12 17:15:00,3.2615333333333334
2015-10-12 17:30:00,1.7932666666666668
2015-10-12 17:45:00,3.5772666666666666
2015-10-12 18:00:00,2.98
2015-10-12 18:15:00,3.1038666666666668
2015-10-12 18:30:00,3.8651333333333326
2015-10-12 18:45:00,4.3772
2015-10-12 19:00:00,3.0422
2015-10-12 19:15:00,4.4452
2015-10-12 19:30:00,2.9062666666666668
2015-10-12 19:45:00,4.2406
2015-10-12 20:00:00,4.335533333333333
2015-10-12 20:15:00,4.1508666666666665
2015-10-12 20:30:00,4.193133333333333
2015-10-12 20:45:00,3.158666666666667
2015-10-12 21:00:00,2.8513333333333333
2015-10-12 21:15:00,5.176066666666666
2015-10-12 21:30:00,3.502
2015-10-12 21:45:00,2.917666666666667
2015-10-12 22:00:00,2.764066666666667
2015-10-12 22:15:00,2.9176
2015-10-12 22:30:00,2.784133333333333
2015-10-12 22:45:00,1.652
2015-10-12 23:00:00,1.933
2015-10-12 23:15:00,2.5074666666666667
2015-10-12 23:30:00,2.105666666666667
2015-10-12 23:45:00,1.117
2015-10-13 00:00:00,2.0074
2015-10-13 00:15:00,2.2572666666666668
2015-10-13 00:30:00,1.4596
2015-10-13 00:45:00,1.2623333333333333
2015-10-13 01:00:00,2.377666666666667
2015-10-13 01:15:00,2.086533333333333
2015-10-13 01:30:00,0.8396
2015-10-13 01:45:00,1.7730666666666668
2015-10-13 02:00:00,2.3626
2015-10-13 02:15:00,1.0642666666666665
2015-10-13 02:30:00,1.3894666666666668
2015-10-13 02:45:00,2.2655333333333334
2015-10-13 03:00:00,1.0049333333333332
2015-10-13 03:15:00,1.4762
2015-10-13 03:30:00,1.0176
2015-10-13 03:45:00,1.5985333333333331
2015-10-13 04:00:00,0.8730666666666665
2015-10-13 04:15:00,1.024333333333333
2015-10-13 04:30:00,1.2402666666666669
2015-10-13 04:45:00,1.1726
2015-10-13 05:00:00,0.9978
2015-10-13 05:15:00,1.7224
2015-10-13 05:30:00,1.0715333333333332
2015-10-13 05:45:00,2.4676666666666667
2015-10-13 06:00:00,0.9044
2015-10-13 06:15:00,2.416333333333333
2015-10-13 06:30:00,1.3799333333333332
2015-10-13 06:45:00,3.155133333333333
2015-10-13 07:00:00,1.1287333333333331
2015-10-13 07:15:00,2.158933333333333
2015-10-13 07:30:00,1.8916666666666668
2015-10-13 07:45:00,0.7899333333333332
2015-10-13 08:00:00,0.6982666666666666
2015-10-13 08:15:00,-0.13846666666666665
2015-10-13 08:30:00,-0.7749333333333331
2015-10-13 08:45:00,-0.09433333333333332
2015-10-13 09:00:00,-1.6293333333333333
2015-10-13 09:15:00,-1.6612
2015-10-13 09:30:00,-1.2056
2015-10-13 09:45:00,-1.0604
2015-10-13 10:00:00,-1.7050666666666667
2015-10-13 10:15:00,-1.3200666666666667
2015-10-13 10:30:00,-1.851
2015-10-13 10:45:00,-2.152
2015-10-13 11:00:00,-1.2904
2015-10-13 11:15:00,-2.1700666666666666
2015-10-13 11:30:00,-1.7248666666666668
2015-10-13 11:45:00,-2.288866666666667
2015-10-13 12:00:00,-1.5697333333333332
2015-10-13 12:15:00,-1.6792
2015-10-13 12:30:00,-2.605
2015-10-13 12:45:00,-1.1098666666666668
2015-10-13 13:00:00,-1.659
2015-10-13 13:15:00,-2.3772
2015-10-13 13:30:00,0.2501333333333333
2015-10-13 13:45:00,-0.8696
2015-10-13 14:00:00,-0.6303333333333332
2015-10-13 14:15:00,0.8572
2015-10-13 14:30:00,-1.1663333333333332
2015-10-13 14:45:00,1.5012666666666667
2015-10-13 15:00:00,0.3178
2015-10-13 15:15:00,0.07286666666666665
2015-10-13 15:30:00,-0.1396
2015-10-13 15:45:00,1.368
2015-10-13 16:00:00,0.9886
2015-10-13 16:15:00,0.6226666666666666
2015-10-13 16:30:00,1.4891333333333332
2015-10-13 16:45:00,2.7684
2015-10-13 17:00:00,2.227933333333333
2015-10-13 17:15:00,3.103133333333333
2015-10-13 17:30:00,3.2021333333333333
2015-10-13 17:45:00,1.5089333333333332
2015-10-13 18:00:00,3.9056666666666664
2015-10-13 18:15:00,2.353466666666667
2015-10-13 18:30:00,2.529066666666667
2015-10-13 18:45:00,2.7259333333333333
2015-10-13 19:00:00,3.4498
2015-10-13 19:15:00,2.0607333333333333
2015-10-13 19:30:00,1.7173333333333332
2015-10-13 19:45:00,3.018133333333333
2015-10-13 20:00:00,2.1012666666666666
2015-10-13 20:15:00,1.474
2015-10-13 20:30:00,2.698
2015-10-13 20:45:00,2.9172
2015-10-13 21:00:00,2.1538
2015-10-13 21:15:00,2.5839333333333334
2015-10-13 21:30:00,2.397533333333333
2015-10-13 21:45:00,2.001533333333333
2015-10-13 22:00:00,2.013
2015-10-13 22:15:00,1.2934
2015-10-13 22:30:00,1.506
2015-10-13 22:45:00,1.7977333333333332
2015-10-13 23:00:00,0.6616
2015-10-13 23:15:00,2.159666666666667
2015-10-13 23:30:00,0.5177333333333332
2015-10-13 23:45:00,1.7282666666666668
2015-10-14 00:00:00,0.9732
2015-10-14 00:15:00,0.7469333333333331
2015-10-14 00:30:00,1.2103333333333333
2015-10-14 00:45:00,1.0558
2015-10-14 01:00:00,0.9577333333333332
2015-10-14 01:15:00,0.8740666666666665
2015-10-14 01:30:00,0.4153333333333333
2015-10-14 01:45:00,1.7568
2015-10-14 02:00:00,0.9946
2015-10-14 02:15:00,0.8297333333333331
2015-10-14 02:30:00,0.4297333333333333
2015-10-14 02:45:00,0.6285333333333332
2015-10-14 03:00:00,2.042666666666667
2015-10-14 03:15:00,0.7284
2015-10-14 03:30:00,0.4429333333333333
2015-10-14 03:45:00,0.8588666666666666
2015-10-14 04:00:00,1.1892
2015-10-14 04:15:00,1.356933333333333
2015-10-14 04:30:00,0.4601333333333333
2015-10-14 04:45:00,0.638
2015-10-14 05:00:00,1.1469333333333331
2015-10-14 05:15:00,0.6102
2015-10-14 05:30:00,0.4893333333333332
2015-10-14 05:45:00,1.8328
2015-10-14 06:00:00,1.6362666666666668
2015-10-14 06:15:00,1.3705333333333332
2015-10-14 06:30:00,2.289066666666667
2015-10-14 06:45:00,1.6260666666666668
2015-10-14 07:00:00,2.246
2015-10-14 07:15:00,0.6049333333333332
2015-10-14 07:30:00,0.324
2015-10-14 07:45:00,1.2152666666666667
2015-10-14 08:00:00,0.7244666666666665
2015-10-14 08:15:00,-0.822
2015-10-14 08:30:00,-1.154
2015-10-14 08:45:00,-0.7444
2015-10-14 09:00:00,-0.5471333333333332
2015-10-14 09:15:00,-0.7612
2015-10-14 09:30:00,-1.6944
2015-10-14 09:45:00,-0.9443333333333332
2015-10-14 10:00:00,-1.22
2015-10-14 10:15:00,-0.18026666666666663
2015-10-14 10:30:00,-1.5937333333333332
2015-10-14 10:45:00,0.1696
2015-10-14 11:00:00,-0.502
2015-10-14 11:15:00,-2.229
2015-10-14 11:30:00,-1.6872
2015-10-14 11:45:00,-2.3879333333333332
2015-10-14 12:00:00,-1.1518
2015-10-14 12:15:00,-2.4159333333333333
2015-10-14 12:30:00,-1.1187333333333331
2015-10-14 12:45:00,-2.025866666666667
2015-10-14 13:00:00,-0.5080666666666666
2015-10-14 13:15:00,-1.9842
2015-10-14 13:30:00,-1.6188
2015-10-14 13:45:00,-0.5888
2015-10-14 14:00:00,-1.5798
2015-10-14 14:15:00,-1.3742666666666667
2015-10-14 14:30:00,0.11133333333333333
2015-10-14 14:45:00,0.21926666666666664
2015-10-14 15:00:00,-0.8404666666666666
2015-10-14 15:15:00,-0.4868
2015-10-14 15:30:00,0.7964
2015-10-14 15:45:00,1.0469333333333333
2015-10-14 16:00:00,0.3062666666666666
2015-10-14 16:15:00,1.0153333333333332
2015-10-14 16:30:00,2.9408
2015-10-14 16:45:00,1.7508666666666668
2015-10-14 17:00:00,1.42
2015-10-14 17:15:00,2.727266666666667
2015-10-14 17:30:00,1.9352
2015-10-14 17:45:00,1.6534
2015-10-14 18:00:00,2.6445333333333334
2015-10-14 18:15:00,3.6318666666666664
2015-10-14 18:30:00,2.3434
2015-10-14 18:45:00,2.0642
2015-10-14 19:00:00,3.1817333333333333
2015-10-14 19:15:00,2.614466666666667
2015-10-14 19:30:00,1.4391333333333332
2015-10-14 19:45:00,1.8521333333333332
2015-10-14 20:00:00,2.5308
2015-10-14 20:15:00,2.300133333333333
2015-10-14 20:30:00,1.7656
2015-10-14 20:45:00,2.514866666666667
2015-10-14 21:00:00,3.834866666666666
2015-10-14 21:15:00,2.3544
2015-10-14 21:30:00,1.778066666666667
2015-10-14 21:45:00,2.865933333333333
2015-10-14 22:00:00,3.0228
2015-10-14 22:15:00,0.9310666666666664
2015-10-14 22:30:00,3.07
2015-10-14 22:45:00,0.7533333333333331
2015-10-14 23:00:00,2.058666666666667
2015-10-14 23:15:00,1.235866666666667
2015-10-14 23:30:00,1.6098666666666668
2015-10-14 23:45:00,0.533
2015-10-15 00:00:00,1.8074
2015-10-15 00:15:00,0.8930666666666666
2015-10-15 00:30:00,0.7901333333333331
2015-10-15 00:45:00,1.864866666666667
2015-10-15 01:00:00,0.6453333333333332
2015-10-15 01:15:00,1.8127333333333333
2015-10-15 01:30:00,0.7432666666666666
2015-10-15 01:45:00,0.5584
2015-10-15 02:00:00,0.9166666666666666
2015-10-15 02:15:00,1.1742
2015-10-15 02:30:00,1.7018
2015-10-15 02:45:00,0.6128666666666666
2015-10-15 03:00:00,0.7004666666666666
2015-10-15 03:15:00,1.1590666666666667
2015-10-15 03:30:00,0.5354666666666666
2015-10-15 03:45:00,1.6067333333333331
2015-10-15 04:00:00,0.6814
2015-10-15 04:15:00,1.13
2015-10-15 04:30:00,0.5068666666666666
2015-10-15 04:45:00,0.5604
2015-10-15 05:00:00,1.6918666666666669
2015-10-15 05:15:00,1.0919333333333332
2015-10-15 05:30:00,0.5448
2015-10-15 05:45:00,1.2044666666666668
2015-10-15 06:00:00,1.8841333333333332
2015-10-15 06:15:00,2.3098
2015-10-15 06:30:00,1.1307333333333331
2015-10-15 06:45:00,1.9188
2015-10-15 07:00:00,2.3384
2015-10-15 07:15:00,1.641133333333333
2015-10-15 07:30:00,0.7859333333333332
2015-10-15 07:45:00,1.427533333333333
2015-10-15 08:00:00,0.5826666666666666
2015-10-15 08:15:00,0.2108
2015-10-15 08:30:00,-0.2818666666666666
2015-10-15 08:45:00,-1.196
2015-10-15 09:00:00,-0.016733333333333333
2015-10-15 09:15:00,-0.7280666666666665
2015-10-15 09:30:00,-1.1566
2015-10-15 09:45:00,-1.5417333333333332
2015-10-15 10:00:00,-1.113
2015-10-15 10:15:00,-0.05286666666666666
2015-10-15 10:30:00,-2.3064666666666667
2015-10-15 10:45:00,-0.8778
2015-10-15 11:00:00,-1.3205333333333331
2015-10-15 11:15:00,-1.5865333333333331
2015-10-15 11:30:00,-0.9760666666666664
2015-10-15 11:45:00,-1.1958
2015-10-15 12:00:00,-2.089933333333333
2015-10-15 12:15:00,-0.9855333333333332
2015-10-15 12:30:00,-0.7135333333333332
2015-10-15 12:45:00,-1.5492666666666668
2015-10-15 13:00:00,-1.465733333333333
2015-10-15 13:15:00,-0.6324666666666666
2015-10-15 13:30:00,-0.5616666666666666
2015-10-15 13:45:00,-1.6086666666666667
2015-10-15 14:00:00,-1.7408666666666668
2015-10-15 14:15:00,-0.7831333333333331
2015-10-15 14:30:00,-0.3556
2015-10-15 14:45:00,-0.8866666666666666
2015-10-15 15:00:00,-1.0436
2015-10-15 15:15:00,-0.094
2015-10-15 15:30:00,0.2702666666666666
2015-10-15 15:45:00,-0.08673333333333333
2015-10-15 16:00:00,-0.09753333333333332
2015-10-15 16:15:00,1.0282666666666664
2015-10-15 16:30:00,1.8312
2015-10-15 16:45:00,0.6287333333333333
2015-10-15 17:00:00,3.0002666666666666
2015-10-15 17:15:00,1.5441333333333331
2015-10-15 17:30:00,1.5643333333333331
2015-10-15 17:45:00,3.591933333333333
2015-10-15 18:00:00,2.466066666666667
2015-10-15 18:15:00,3.543066666666667
2015-10-15 18:30:00,3.190933333333333
2015-10-15 18:45:00,2.5398666666666667
2015-10-15 19:00:00,3.4157333333333333
2015-10-15 19:15:00,3.0973333333333333
2015-10-15 19:30:00,2.491
2015-10-15 19:45:00,3.649333333333333
2015-10-15 20:00:00,2.7446
2015-10-15 20:15:00,1.677
2015-10-15 20:30:00,2.8625333333333334
2015-10-15 20:45:00,3.417066666666667
2015-10-15 21:00:00,2.946333333333333
2015-10-15 21:15:00,2.1573333333333333
2015-10-15 21:30:00,3.5798666666666668
2015-10-15 21:45:00,2.368266666666667
2015-10-15 22:00:00,0.7914
2015-10-15 22:15:00,1.9951333333333332
2015-10-15 22:30:00,1.6488666666666667
2015-10-15 22:45:00,1.487866666666667
2015-10-15 23:00:00,1.4142666666666668
2015-10-15 23:15:00,1.2506
2015-10-15 23:30:00,2.1886666666666668
2015-10-15 23:45:00,0.9362666666666664
2015-10-16 00:00:00,1.264066666666667
2015-10-16 00:15:00,0.988
2015-10-16 00:30:00,1.282333333333333
2015-10-16 00:45:00,1.0228666666666664
2015-10-16 01:00:00,0.5116
2015-10-16 01:15:00,1.2361333333333333
2015-10-16 01:30:00,1.5918666666666668
2015-10-16 01:45:00,0.5861333333333332
2015-10-16 02:00:00,0.4477333333333333
2015-10-16 02:15:00,0.9118666666666666
2015-10-16 02:30:00,2.046066666666667
2015-10-16 02:45:00,0.6126
2015-10-16 03:00:00,0.4307333333333333
2015-10-16 03:15:00,0.915
2015-10-16 03:30:00,1.2026666666666668
2015-10-16 03:45:00,1.630866666666667
2015-10-16 04:00:00,0.4502
2015-10-16 04:15:00,0.5904
2015-10-16 04:30:00,1.1703333333333332
2015-10-16 04:45:00,0.5129333333333332
2015-10-16 05:00:00,1.3299333333333332
2015-10-16 05:15:00,0.8434
2015-10-16 05:30:00,0.9459333333333332
2015-10-16 05:45:00,0.5051333333333332
2015-10-16 06:00:00,1.296533333333333
2015-10-16 06:15:00,1.3249333333333333
2015-10-16 06:30:00,1.3675333333333333
2015-10-16 06:45:00,1.4184
2015-10-16 07:00:00,1.2575333333333332
2015-10-16 07:15:00,2.590333333333333
2015-10-16 07:30:00,0.9311333333333331
2015-10-16 07:45:00,0.4225333333333333
2015-10-16 08:00:00,0.5738666666666666
2015-10-16 08:15:00,0.10373333333333333
2015-10-16 08:30:00,-0.20053333333333329
2015-10-16 08:45:00,-1.3288666666666669
2015-10-16 09:00:00,-1.437466666666667
2015-10-16 09:15:00,-1.0006
2015-10-16 09:30:00,-1.3917333333333333
2015-10-16 09:45:00,-1.7717333333333332
2015-10-16 10:00:00,-1.9182
2015-10-16 10:15:00,-0.8042666666666666
2015-10-16 10:30:00,-2.1092
2015-10-16 10:45:00,-2.3838
2015-10-16 11:00:00,-2.4109333333333334
2015-10-16 11:15:00,-1.5304666666666669
2015-10-16 11:30:00,-2.026
2015-10-16 11:45:00,-2.6494
2015-10-16 12:00:00,-1.443
2015-10-16 12:15:00,-2.353266666666667
2015-10-16 12:30:00,-1.5173333333333332
2015-10-16 12:45:00,-2.9320666666666666
2015-10-16 13:00:00,-1.5074666666666667
2015-10-16 13:15:00,-2.376733333333333
2015-10-16 13:30:00,-1.0088
2015-10-16 13:45:00,-1.7212
2015-10-16 14:00:00,-2.0369333333333333
2015-10-16 14:15:00,-0.7441333333333331
2015-10-16 14:30:00,-1.9318
2015-10-16 14:45:00,0.4543333333333333
2015-10-16 15:00:00,0.22393333333333326
2015-10-16 15:15:00,-0.2903333333333333
2015-10-16 15:30:00,1.7978666666666667
2015-10-16 15:45:00,0.3883333333333333
2015-10-16 16:00:00,0.3325333333333333
2015-10-16 16:15:00,1.6754
2015-10-16 16:30:00,1.6232666666666669
2015-10-16 16:45:00,0.7218
2015-10-16 17:00:00,3.2884
2015-10-16 17:15:00,2.376733333333333
2015-10-16 17:30:00,3.5168666666666666
2015-10-16 17:45:00,2.3825333333333334
2015-10-16 18:00:00,3.1202666666666667
2015-10-16 18:15:00,3.4044
2015-10-16 18:30:00,2.688266666666667
2015-10-16 18:45:00,4.073066666666667
2015-10-16 19:00:00,2.1370666666666667
2015-10-16 19:15:00,2.9748
2015-10-16 19:30:00,3.4566
2015-10-16 19:45:00,2.105933333333333
2015-10-16 20:00:00,2.083533333333333
2015-10-16 20:15:00,3.9332
2015-10-16 20:30:00,3.909
2015-10-16 20:45:00,2.0128666666666666
2015-10-16 21:00:00,2.210866666666667
2015-10-16 21:15:00,2.4466
2015-10-16 21:30:00,2.035133333333333
2015-10-16 21:45:00,0.5923333333333332
2015-10-16 22:00:00,1.9144
2015-10-16 22:15:00,1.3364666666666667
2015-10-16 22:30:00,1.1727333333333332
2015-10-16 22:45:00,1.3924666666666667
2015-10-16 23:00:00,1.1409333333333331
2015-10-16 23:15:00,0.6933333333333332
2015-10-16 23:30:00,1.6242
2015-10-16 23:45:00,0.947
2015-10-17 00:00:00,1.9932
2015-10-17 00:15:00,1.2366
2015-10-17 00:30:00,0.4448666666666666
2015-10-17 00:45:00,1.9560666666666668
2015-10-17 01:00:00,0.8502
2015-10-17 01:15:00,0.5626
2015-10-17 01:30:00,1.6114666666666668
2015-10-17 01:45:00,0.9764666666666664
2015-10-17 02:00:00,0.7954
2015-10-17 02:15:00,0.5248666666666666
2015-10-17 02:30:00,0.845
2015-10-17 02:45:00,2.013866666666667
2015-10-17 03:00:00,0.5546666666666666
2015-10-17 03:15:00,0.5054
2015-10-17 03:30:00,0.7930666666666666
2015-10-17 03:45:00,1.2202
2015-10-17 04:00:00,1.6879333333333333
2015-10-17 04:15:00,0.4219333333333333
2015-10-17 04:30:00,0.6676
2015-10-17 04:45:00,1.2402
2015-10-17 05:00:00,0.6567333333333332
2015-10-17 05:15:00,1.2864666666666669
2015-10-17 05:30:00,0.9798
2015-10-17 05:45:00,1.0321333333333331
2015-10-17 06:00:00,0.4508666666666666
2015-10-17 06:15:00,0.3848666666666665
2015-10-17 06:30:00,1.0227333333333333
2015-10-17 06:45:00,1.0797333333333332
2015-10-17 07:00:00,1.3459333333333332
2015-10-17 07:15:00,0.4206666666666666
2015-10-17 07:30:00,1.1133333333333333
2015-10-17 07:45:00,1.0304
2015-10-17 08:00:00,0.4632
2015-10-17 08:15:00,-0.08633333333333333
2015-10-17 08:30:00,0.7088666666666666
2015-10-17 08:45:00,-0.9691333333333332
2015-10-17 09:00:00,-1.3762
2015-10-17 09:15:00,-1.1638
2015-10-17 09:30:00,-1.1225333333333332
2015-10-17 09:45:00,-0.6429333333333332
2015-10-17 10:00:00,-2.176066666666667
2015-10-17 10:15:00,-2.2023333333333333
2015-10-17 10:30:00,-1.7052666666666667
2015-10-17 10:45:00,-2.299866666666667
2015-10-17 11:00:00,-2.775466666666667
2015-10-17 11:15:00,-2.5893333333333333
2015-10-17 11:30:00,-2.1044
2015-10-17 11:45:00,-1.4120666666666668
2015-10-17 12:00:00,-2.893866666666667
2015-10-17 12:15:00,-2.3054666666666668
2015-10-17 12:30:00,-1.9336666666666669
2015-10-17 12:45:00,-2.473266666666667
2015-10-17 13:00:00,-1.8312
2015-10-17 13:15:00,-1.0916
2015-10-17 13:30:00,-2.3466666666666667
2015-10-17 13:45:00,-0.9254666666666664
2015-10-17 14:00:00,-2.12
2015-10-17 14:15:00,-1.1152666666666669
2015-10-17 14:30:00,-1.3093333333333332
2015-10-17 14:45:00,-1.705733333333333
2015-10-17 15:00:00,-0.1615333333333333
2015-10-17 15:15:00,-0.5810666666666666
2015-10-17 15:30:00,-0.762
2015-10-17 15:45:00,0.36946666666666655
2015-10-17 16:00:00,-0.2834
2015-10-17 16:15:00,0.5734
2015-10-17 16:30:00,1.4615333333333331
2015-10-17 16:45:00,0.7706666666666666
2015-10-17 17:00:00,0.6450666666666666
2015-10-17 17:15:00,2.062733333333333
2015-10-17 17:30:00,0.632
2015-10-17 17:45:00,1.1990666666666667
2015-10-17 18:00:00,2.3528
2015-10-17 18:15:00,1.0170666666666663
2015-10-17 18:30:00,2.0356
2015-10-17 18:45:00,2.2786666666666666
2015-10-17 19:00:00,1.3762666666666667
2015-10-17 19:15:00,2.2252666666666667
2015-10-17 19:30:00,2.7988
2015-10-17 19:45:00,2.72
2015-10-17 20:00:00,1.2087333333333332
2015-10-17 20:15:00,3.127866666666667
2015-10-17 20:30:00,1.8635333333333333
2015-10-17 20:45:00,1.4104666666666668
2015-10-17 21:00:00,3.1254666666666666
2015-10-17 21:15:00,3.1491333333333333
2015-10-17 21:30:00,1.3677333333333332
2015-10-17 21:45:00,3.06
2015-10-17 22:00:00,2.049533333333333
2015-10-17 22:15:00,1.2168
2015-10-17 22:30:00,2.247533333333333
2015-10-17 22:45:00,1.4178
2015-10-17 23:00:00,1.5983333333333332
2015-10-17 23:15:00,1.1956666666666669
2015-10-17 23:30:00,2.170866666666667
2015-10-17 23:45:00,0.7020666666666666
2015-10-18 00:00:00,2.2802
2015-10-18 00:15:00,1.2085333333333332
2015-10-18 00:30:00,0.8731333333333331
2015-10-18 00:45:00,0.7814
2015-10-18 01:00:00,2.1407333333333334
2015-10-18 01:15:00,1.0535333333333332
2015-10-18 01:30:00,0.5841333333333332
2015-10-18 01:45:00,0.6411333333333332
2015-10-18 02:00:00,1.3470666666666669
2015-10-18 02:15:00,1.1342
2015-10-18 02:30:00,0.5603333333333332
2015-10-18 02:45:00,0.7358666666666664
2015-10-18 03:00:00,1.0097333333333331
2015-10-18 03:15:00,0.6038
2015-10-18 03:30:00,1.1537333333333333
2015-10-18 03:45:00,0.6240666666666665
2015-10-18 04:00:00,1.073
2015-10-18 04:15:00,0.4796666666666666
2015-10-18 04:30:00,0.42446666666666655
2015-10-18 04:45:00,0.8223333333333331
2015-10-18 05:00:00,1.0550666666666664
2015-10-18 05:15:00,0.5348
2015-10-18 05:30:00,0.41366666666666657
2015-10-18 05:45:00,0.8536
2015-10-18 06:00:00,1.0930666666666669
2015-10-18 06:15:00,0.6659333333333332
2015-10-18 06:30:00,0.583
2015-10-18 06:45:00,1.6728666666666667
2015-10-18 07:00:00,1.3176
2015-10-18 07:15:00,0.8657333333333331
2015-10-18 07:30:00,0.6496666666666666
2015-10-18 07:45:00,1.4628666666666668
2015-10-18 08:00:00,0.582
2015-10-18 08:15:00,-0.4043333333333333
2015-10-18 08:30:00,-0.6610666666666666
2015-10-18 08:45:00,-0.7364
2015-10-18 09:00:00,-1.3523333333333332
2015-10-18 09:15:00,-1.6953333333333331
2015-10-18 09:30:00,-1.6569333333333331
2015-10-18 09:45:00,-1.658
2015-10-18 10:00:00,-2.287933333333333
2015-10-18 10:15:00,-2.4674
2015-10-18 10:30:00,-2.418133333333333
2015-10-18 10:45:00,-2.0642
2015-10-18 11:00:00,-2.700333333333333
2015-10-18 11:15:00,-2.991
2015-10-18 11:30:00,-2.7168666666666668
2015-10-18 11:45:00,-2.4847333333333332
2015-10-18 12:00:00,-2.973533333333333
2015-10-18 12:15:00,-2.4401333333333333
2015-10-18 12:30:00,-2.784333333333333
2015-10-18 12:45:00,-1.337
2015-10-18 13:00:00,-2.788666666666667
2015-10-18 13:15:00,-1.5771333333333333
2015-10-18 13:30:00,-2.2671333333333332
2015-10-18 13:45:00,-1.2472
2015-10-18 14:00:00,-1.0522
2015-10-18 14:15:00,-2.2211333333333334
2015-10-18 14:30:00,-0.6872
2015-10-18 14:45:00,-1.2404
2015-10-18 15:00:00,-1.080733333333333
2015-10-18 15:15:00,0.2368
2015-10-18 15:30:00,-0.2613333333333333
2015-10-18 15:45:00,-0.1239333333333333
2015-10-18 16:00:00,0.8042666666666666
2015-10-18 16:15:00,0.3270666666666666
2015-10-18 16:30:00,0.01893333333333333
2015-10-18 16:45:00,1.1990666666666667
2015-10-18 17:00:00,0.2054
2015-10-18 17:15:00,0.151
2015-10-18 17:30:00,1.4746
2015-10-18 17:45:00,0.3415333333333333
2015-10-18 18:00:00,1.6940666666666668
2015-10-18 18:15:00,1.6631333333333331
2015-10-18 18:30:00,0.4196666666666666
2015-10-18 18:45:00,1.8900666666666668
2015-10-18 19:00:00,1.5022
2015-10-18 19:15:00,0.8818666666666666
2015-10-18 19:30:00,2.470333333333333
2015-10-18 19:45:00,0.9859333333333332
2015-10-18 20:00:00,2.347
2015-10-18 20:15:00,0.7427333333333331
2015-10-18 20:30:00,1.8080666666666667
2015-10-18 20:45:00,0.6804666666666666
2015-10-18 21:00:00,1.5695333333333332
2015-10-18 21:15:00,0.4033333333333333
2015-10-18 21:30:00,1.0264666666666664
2015-10-18 21:45:00,0.602
2015-10-18 22:00:00,1.5356
2015-10-18 22:15:00,0.8491333333333331
2015-10-18 22:30:00,1.5392
2015-10-18 22:45:00,0.8226666666666665
2015-10-18 23:00:00,1.0204
2015-10-18 23:15:00,2.199266666666667
2015-10-18 23:30:00,1.4556
2015-10-18 23:45:00,0.8514
2015-10-19 00:00:00,0.8036
2015-10-19 00:15:00,1.725933333333333
2015-10-19 00:30:00,1.5456
2015-10-19 00:45:00,0.8515333333333331
2015-10-19 01:00:00,0.7984
2015-10-19 01:15:00,1.434
2015-10-19 01:30:00,1.0493333333333332
2015-10-19 01:45:00,1.3913333333333333
2015-10-19 02:00:00,0.9790666666666664
2015-10-19 02:15:00,1.2775333333333332
2015-10-19 02:30:00,0.8812
2015-10-19 02:45:00,0.3658
2015-10-19 03:00:00,0.5772
2015-10-19 03:15:00,1.197733333333333
2015-10-19 03:30:00,0.5735333333333332
2015-10-19 03:45:00,0.3592
2015-10-19 04:00:00,0.6344
2015-10-19 04:15:00,1.2120666666666668
2015-10-19 04:30:00,0.5212
2015-10-19 04:45:00,0.3484666666666666
2015-10-19 05:00:00,1.0801333333333332
2015-10-19 05:15:00,1.225666666666667
2015-10-19 05:30:00,0.4583333333333333
2015-10-19 05:45:00,0.365
2015-10-19 06:00:00,0.7924666666666667
2015-10-19 06:15:00,1.418
2015-10-19 06:30:00,0.8004
2015-10-19 06:45:00,0.8906
2015-10-19 07:00:00,1.1876
2015-10-19 07:15:00,1.8123333333333331
2015-10-19 07:30:00,1.562466666666667
2015-10-19 07:45:00,0.7448666666666666
2015-10-19 08:00:00,1.1771333333333331
2015-10-19 08:15:00,0.5831333333333332
2015-10-19 08:30:00,-0.5198
2015-10-19 08:45:00,-1.09
2015-10-19 09:00:00,-0.7074666666666666
2015-10-19 09:15:00,-0.774733333333333
2015-10-19 09:30:00,-0.8024666666666666
2015-10-19 09:45:00,-1.2819333333333331
2015-10-19 10:00:00,-1.2671333333333332
2015-10-19 10:15:00,-1.6145333333333332
2015-10-19 10:30:00,-2.433466666666667
2015-10-19 10:45:00,-2.456866666666667
2015-10-19 11:00:00,-2.2204
2015-10-19 11:15:00,-2.5742
2015-10-19 11:30:00,-2.9006
2015-10-19 11:45:00,-2.8338666666666668
2015-10-19 12:00:00,-2.348333333333333
2015-10-19 12:15:00,-2.415
2015-10-19 12:30:00,-2.860666666666667
2015-10-19 12:45:00,-1.4702666666666668
2015-10-19 13:00:00,-2.172533333333333
2015-10-19 13:15:00,-2.739066666666667
2015-10-19 13:30:00,-1.4736
2015-10-19 13:45:00,-2.457933333333333
2015-10-19 14:00:00,-0.6819333333333332
2015-10-19 14:15:00,0.07493333333333332
2015-10-19 14:30:00,-0.8436666666666666
2015-10-19 14:45:00,-0.9851333333333332
2015-10-19 15:00:00,-1.2432666666666667
2015-10-19 15:15:00,-0.743533333333333
2015-10-19 15:30:00,0.2484
2015-10-19 15:45:00,-1.3836
2015-10-19 16:00:00,0.3152666666666666
2015-10-19 16:15:00,0.8596
2015-10-19 16:30:00,-0.0852
2015-10-19 16:45:00,0.3015333333333333
2015-10-19 17:00:00,1.3822666666666668
2015-10-19 17:15:00,0.8738
2015-10-19 17:30:00,0.08613333333333333
2015-10-19 17:45:00,1.4676
2015-10-19 18:00:00,1.9610666666666667
2015-10-19 18:15:00,0.8140666666666666
2015-10-19 18:30:00,1.8196666666666668
2015-10-19 18:45:00,3.081466666666667
2015-10-19 19:00:00,1.8904666666666667
2015-10-19 19:15:00,2.0374
2015-10-19 19:30:00,2.5201333333333333
2015-10-19 19:45:00,1.925266666666667
2015-10-19 20:00:00,1.6394666666666668
2015-10-19 20:15:00,2.448
2015-10-19 20:30:00,2.204733333333333
2015-10-19 20:45:00,0.8746666666666666
2015-10-19 21:00:00,2.865333333333333
2015-10-19 21:15:00,1.0623333333333331
2015-10-19 21:30:00,2.5604
2015-10-19 21:45:00,0.9027333333333332
2015-10-19 22:00:00,1.7346666666666668
2015-10-19 22:15:00,0.4554
2015-10-19 22:30:00,1.5384666666666669
2015-10-19 22:45:00,1.0452666666666663
2015-10-19 23:00:00,0.4088
2015-10-19 23:15:00,1.6122666666666667
2015-10-19 23:30:00,0.6394
2015-10-19 23:45:00,1.0038
2015-10-20 00:00:00,0.3669333333333332
2015-10-20 00:15:00,0.3504
2015-10-20 00:30:00,1.9037333333333333
2015-10-20 00:45:00,0.9976666666666664
2015-10-20 01:00:00,0.4047333333333333
2015-10-20 01:15:00,0.3686666666666666
2015-10-20 01:30:00,1.4778666666666669
2015-10-20 01:45:00,1.5922
2015-10-20 02:00:00,0.3889333333333333
2015-10-20 02:15:00,0.5335333333333332
2015-10-20 02:30:00,1.1483333333333332
2015-10-20 02:45:00,0.5806
2015-10-20 03:00:00,0.4902666666666666
2015-10-20 03:15:00,1.0934
2015-10-20 03:30:00,1.3434
2015-10-20 03:45:00,0.6098
2015-10-20 04:00:00,0.5137333333333332
2015-10-20 04:15:00,1.0493333333333332
2015-10-20 04:30:00,1.0786
2015-10-20 04:45:00,0.4597333333333333
2015-10-20 05:00:00,0.40766666666666657
2015-10-20 05:15:00,0.7965333333333331
2015-10-20 05:30:00,0.8916
2015-10-20 05:45:00,0.9014
2015-10-20 06:00:00,0.8072
2015-10-20 06:15:00,1.3459333333333332
2015-10-20 06:30:00,1.9814666666666667
2015-10-20 06:45:00,1.0741333333333332
2015-10-20 07:00:00,0.7208
2015-10-20 07:15:00,1.0282
2015-10-20 07:30:00,0.7090666666666666
2015-10-20 07:45:00,1.4334666666666669
2015-10-20 08:00:00,-0.4226
2015-10-20 08:15:00,-0.7441333333333331
2015-10-20 08:30:00,-0.8355333333333331
2015-10-20 08:45:00,-1.2846
2015-10-20 09:00:00,-1.2173333333333332
2015-10-20 09:15:00,-1.1017333333333332
2015-10-20 09:30:00,-1.4906
2015-10-20 09:45:00,-1.8656
2015-10-20 10:00:00,-1.2025333333333332
2015-10-20 10:15:00,-0.2322666666666666
2015-10-20 10:30:00,-2.150066666666667
2015-10-20 10:45:00,-2.505066666666667
2015-10-20 11:00:00,-1.4012666666666669
2015-10-20 11:15:00,-2.2154
2015-10-20 11:30:00,-2.7301333333333333
2015-10-20 11:45:00,-2.449
2015-10-20 12:00:00,-1.4118666666666668
2015-10-20 12:15:00,-2.5119333333333334
2015-10-20 12:30:00,-1.5459333333333332
2015-10-20 12:45:00,-2.414133333333333
2015-10-20 13:00:00,-1.541
2015-10-20 13:15:00,-2.0933333333333333
2015-10-20 13:30:00,-0.9744666666666664
2015-10-20 13:45:00,-2.6694
2015-10-20 14:00:00,-0.7289333333333332
2015-10-20 14:15:00,-0.7602
2015-10-20 14:30:00,-1.0814666666666668
2015-10-20 14:45:00,-0.3438
2015-10-20 15:00:00,1.3133333333333332
2015-10-20 15:15:00,1.3602
2015-10-20 15:30:00,0.7040666666666666
2015-10-20 15:45:00,1.4433333333333331
2015-10-20 16:00:00,2.1338666666666666
2015-10-20 16:15:00,1.5071333333333332
2015-10-20 16:30:00,2.4234666666666667
2015-10-20 16:45:00,0.9972
2015-10-20 17:00:00,0.9282666666666664
2015-10-20 17:15:00,2.8668
2015-10-20 17:30:00,2.198733333333333
2015-10-20 17:45:00,1.3402666666666667
2015-10-20 18:00:00,1.8296666666666668
2015-10-20 18:15:00,2.264333333333333
2015-10-20 18:30:00,2.2746666666666666
2015-10-20 18:45:00,1.4046666666666667
2015-10-20 19:00:00,2.5538
2015-10-20 19:15:00,2.562066666666667
2015-10-20 19:30:00,1.9811333333333332
2015-10-20 19:45:00,1.8258
2015-10-20 20:00:00,2.452733333333333
2015-10-20 20:15:00,1.8046
2015-10-20 20:30:00,2.2668
2015-10-20 20:45:00,2.8635333333333333
2015-10-20 21:00:00,1.6456
2015-10-20 21:15:00,2.8408
2015-10-20 21:30:00,2.744266666666667
2015-10-20 21:45:00,1.974
2015-10-20 22:00:00,2.7093333333333334
2015-10-20 22:15:00,1.0106666666666664
2015-10-20 22:30:00,2.303466666666667
2015-10-20 22:45:00,1.2051333333333332
2015-10-20 23:00:00,2.430133333333333
2015-10-20 23:15:00,0.8310666666666666
2015-10-20 23:30:00,2.285
2015-10-20 23:45:00,0.8984666666666666
2015-10-21 00:00:00,1.7146
2015-10-21 00:15:00,1.1528666666666667
2015-10-21 00:30:00,1.2495333333333332
2015-10-21 00:45:00,2.1318
2015-10-21 01:00:00,0.6705333333333332
2015-10-21 01:15:00,1.3702
2015-10-21 01:30:00,0.9426
2015-10-21 01:45:00,1.2369333333333332
2015-10-21 02:00:00,1.1792
2015-10-21 02:15:00,0.9196666666666666
2015-10-21 02:30:00,0.5628
2015-10-21 02:45:00,1.054533333333333
2015-10-21 03:00:00,1.7124
2015-10-21 03:15:00,0.3486
2015-10-21 03:30:00,0.6712666666666666
2015-10-21 03:45:00,1.9124666666666668
2015-10-21 04:00:00,0.8897333333333332
2015-10-21 04:15:00,0.3562
2015-10-21 04:30:00,0.9832666666666664
2015-10-21 04:45:00,1.828733333333333
2015-10-21 05:00:00,0.5744
2015-10-21 05:15:00,0.5412666666666666
2015-10-21 05:30:00,1.9452666666666667
2015-10-21 05:45:00,1.3278666666666668
2015-10-21 06:00:00,0.9367333333333332
2015-10-21 06:15:00,2.6217333333333332
2015-10-21 06:30:00,2.2228
2015-10-21 06:45:00,1.5154
2015-10-21 07:00:00,1.7344666666666668
2015-10-21 07:15:00,1.39
2015-10-21 07:30:00,2.2980666666666667
2015-10-21 07:45:00,1.594
2015-10-21 08:00:00,1.3744
2015-10-21 08:15:00,1.7682666666666669
2015-10-21 08:30:00,0.1333333333333333
2015-10-21 08:45:00,1.0230666666666663
2015-10-21 09:00:00,1.5054
2015-10-21 09:15:00,-0.06133333333333332
2015-10-21 09:30:00,1.4760666666666669
2015-10-21 09:45:00,0.7156666666666666
2015-10-21 10:00:00,2.0432
2015-10-21 10:15:00,1.3351333333333333
2015-10-21 10:30:00,1.2647333333333333
2015-10-21 10:45:00,1.578466666666667
2015-10-21 11:00:00,1.780333333333333
2015-10-21 11:15:00,2.300933333333333
2015-10-21 11:30:00,0.6476
2015-10-21 11:45:00,-1.3080666666666667
2015-10-21 12:00:00,0.3788
2015-10-21 12:15:00,-0.5408
2015-10-21 12:30:00,-1.2196
2015-10-21 12:45:00,0.2236
2015-10-21 13:00:00,0.6636
2015-10-21 13:15:00,-0.2455333333333333
2015-10-21 13:30:00,0.1624
2015-10-21 13:45:00,-0.234
2015-10-21 14:00:00,-0.9946
2015-10-21 14:15:00,0.3456
2015-10-21 14:30:00,0.7602
2015-10-21 14:45:00,-0.05466666666666666
2015-10-21 15:00:00,0.346
2015-10-21 15:15:00,0.7991333333333331
2015-10-21 15:30:00,0.6977333333333332
2015-10-21 15:45:00,0.0198
2015-10-21 16:00:00,1.3837333333333333
2015-10-21 16:15:00,1.3755333333333333
2015-10-21 16:30:00,0.09233333333333332
2015-10-21 16:45:00,1.1872666666666667
2015-10-21 17:00:00,1.5552
2015-10-21 17:15:00,1.0382
2015-10-21 17:30:00,1.1497333333333333
2015-10-21 17:45:00,1.8433333333333333
2015-10-21 18:00:00,1.1559333333333333
2015-10-21 18:15:00,1.3431333333333333
2015-10-21 18:30:00,2.087466666666667
2015-10-21 18:45:00,1.2103333333333333
2015-10-21 19:00:00,1.048
2015-10-21 19:15:00,2.216266666666667
2015-10-21 19:30:00,0.442
2015-10-21 19:45:00,1.7857333333333332
2015-10-21 20:00:00,0.428
2015-10-21 20:15:00,1.7939333333333332
2015-10-21 20:30:00,0.5969333333333332
2015-10-21 20:45:00,2.059
2015-10-21 21:00:00,1.1874
2015-10-21 21:15:00,1.8940666666666668
2015-10-21 21:30:00,0.5177333333333332
2015-10-21 21:45:00,1.8034
2015-10-21 22:00:00,1.1061333333333332
2015-10-21 22:15:00,1.0959333333333332
2015-10-21 22:30:00,1.2371333333333332
2015-10-21 22:45:00,0.556
2015-10-21 23:00:00,2.0404666666666667
2015-10-21 23:15:00,0.6136
2015-10-21 23:30:00,0.6692
2015-10-21 23:45:00,1.6623333333333332
2015-10-22 00:00:00,1.0468
2015-10-22 00:15:00,1.8006666666666669
2015-10-22 00:30:00,0.5355333333333332
2015-10-22 00:45:00,0.5054666666666666
2015-10-22 01:00:00,2.0812666666666666
2015-10-22 01:15:00,0.6125333333333332
2015-10-22 01:30:00,0.5704
2015-10-22 01:45:00,0.9486666666666664
2015-10-22 02:00:00,2.9387333333333334
2015-10-22 02:15:00,1.1085333333333331
2015-10-22 02:30:00,1.5114666666666667
2015-10-22 02:45:00,2.332933333333333
2015-10-22 03:00:00,1.4567333333333332
2015-10-22 03:15:00,0.8901333333333331
2015-10-22 03:30:00,1.638
2015-10-22 03:45:00,0.9484
2015-10-22 04:00:00,1.0763333333333331
2015-10-22 04:15:00,1.6999333333333333
2015-10-22 04:30:00,0.5286
2015-10-22 04:45:00,0.985
2015-10-22 05:00:00,1.9223333333333332
2015-10-22 05:15:00,0.5395333333333332
2015-10-22 05:30:00,0.5846
2015-10-22 05:45:00,1.997866666666667
2015-10-22 06:00:00,0.9830666666666664
2015-10-22 06:15:00,0.8975333333333331
2015-10-22 06:30:00,0.9446
2015-10-22 06:45:00,1.8452666666666668
2015-10-22 07:00:00,2.174533333333333
2015-10-22 07:15:00,1.4532666666666667
2015-10-22 07:30:00,1.1866
2015-10-22 07:45:00,1.1796
2015-10-22 08:00:00,1.7816
2015-10-22 08:15:00,0.9631333333333332
2015-10-22 08:30:00,0.616
2015-10-22 08:45:00,1.7770666666666668
2015-10-22 09:00:00,-0.3154
2015-10-22 09:15:00,0.9375333333333332
2015-10-22 09:30:00,0.7568666666666666
2015-10-22 09:45:00,0.43166666666666653
2015-10-22 10:00:00,1.3552
2015-10-22 10:15:00,-0.2236
2015-10-22 10:30:00,0.9952666666666664
2015-10-22 10:45:00,0.6534666666666666
2015-10-22 11:00:00,-0.0406
2015-10-22 11:15:00,0.3208
2015-10-22 11:30:00,0.2492666666666666
2015-10-22 11:45:00,0.4785333333333332
2015-10-22 12:00:00,1.6424666666666667
2015-10-22 12:15:00,0.4328
2015-10-22 12:30:00,1.1658666666666668
2015-10-22 12:45:00,1.6384
2015-10-22 13:00:00,0.7481333333333331
2015-10-22 13:15:00,0.9828
2015-10-22 13:30:00,-0.013333333333333329
2015-10-22 13:45:00,0.7671333333333331
2015-10-22 14:00:00,0.2713333333333333
2015-10-22 14:15:00,-0.184
2015-10-22 14:30:00,0.9164
2015-10-22 14:45:00,2.5072
2015-10-22 15:00:00,0.13146666666666665
2015-10-22 15:15:00,1.3651333333333333
2015-10-22 15:30:00,1.0901333333333332
2015-10-22 15:45:00,0.07413333333333333
2015-10-22 16:00:00,1.370866666666667
2015-10-22 16:15:00,1.6088
2015-10-22 16:30:00,0.2382
2015-10-22 16:45:00,1.0853333333333333
2015-10-22 17:00:00,1.3594
2015-10-22 17:15:00,2.2300666666666666
2015-10-22 17:30:00,3.263333333333333
2015-10-22 17:45:00,2.888533333333333
2015-10-22 18:00:00,2.4105333333333334
2015-10-22 18:15:00,2.634866666666667
2015-10-22 18:30:00,3.0214
2015-10-22 18:45:00,2.0369333333333333
2015-10-22 19:00:00,1.9061333333333332
2015-10-22 19:15:00,2.8823333333333334
2015-10-22 19:30:00,2.549466666666667
2015-10-22 19:45:00,1.7793333333333332
2015-10-22 20:00:00,2.3982
2015-10-22 20:15:00,2.223066666666667
2015-10-22 20:30:00,1.1256666666666668
2015-10-22 20:45:00,2.8673333333333333
2015-10-22 21:00:00,2.433733333333333
2015-10-22 21:15:00,1.5301333333333331
2015-10-22 21:30:00,2.239133333333333
2015-10-22 21:45:00,2.211
2015-10-22 22:00:00,2.247666666666667
2015-10-22 22:15:00,3.6544666666666665
2015-10-22 22:30:00,2.188533333333333
2015-10-22 22:45:00,2.211
2015-10-22 23:00:00,2.408266666666667
2015-10-22 23:15:00,1.3507333333333331
2015-10-22 23:30:00,2.295533333333333
2015-10-22 23:45:00,0.7774666666666666
2015-10-23 00:00:00,2.091333333333333
2015-10-23 00:15:00,1.3022
2015-10-23 00:30:00,2.186733333333333
2015-10-23 00:45:00,0.8232
2015-10-23 01:00:00,2.106266666666667
2015-10-23 01:15:00,1.0796666666666668
2015-10-23 01:30:00,1.925266666666667
2015-10-23 01:45:00,0.5204
2015-10-23 02:00:00,1.864866666666667
2015-10-23 02:15:00,0.7188666666666667
2015-10-23 02:30:00,1.5696666666666668
2015-10-23 02:45:00,0.9057333333333332
2015-10-23 03:00:00,1.5073333333333332
2015-10-23 03:15:00,1.3172
2015-10-23 03:30:00,0.4732
2015-10-23 03:45:00,1.8106666666666669
2015-10-23 04:00:00,1.2304
2015-10-23 04:15:00,0.7157333333333332
2015-10-23 04:30:00,0.6488
2015-10-23 04:45:00,1.6061333333333332
2015-10-23 05:00:00,1.1042
2015-10-23 05:15:00,0.5567333333333332
2015-10-23 05:30:00,1.7722666666666669
2015-10-23 05:45:00,0.5670666666666666
2015-10-23 06:00:00,1.4501333333333333
2015-10-23 06:15:00,1.1503333333333332
2015-10-23 06:30:00,2.279466666666667
2015-10-23 06:45:00,1.227666666666667
2015-10-23 07:00:00,1.8176666666666668
2015-10-23 07:15:00,1.8700666666666668
2015-10-23 07:30:00,1.3710666666666669
2015-10-23 07:45:00,0.8486666666666666
2015-10-23 08:00:00,1.6796
2015-10-23 08:15:00,0.2798
2015-10-23 08:30:00,1.4428666666666667
2015-10-23 08:45:00,0.7694
2015-10-23 09:00:00,1.4914666666666667
2015-10-23 09:15:00,-0.12026666666666665
2015-10-23 09:30:00,1.4792
2015-10-23 09:45:00,0.4689333333333332
2015-10-23 10:00:00,1.5251333333333332
2015-10-23 10:15:00,-0.04526666666666666
2015-10-23 10:30:00,1.1193333333333333
2015-10-23 10:45:00,0.8703333333333331
2015-10-23 11:00:00,0.9345333333333332
2015-10-23 11:15:00,0.6032
2015-10-23 11:30:00,-0.3300666666666666
2015-10-23 11:45:00,1.4171333333333331
2015-10-23 12:00:00,0.6654666666666667
2015-10-23 12:15:00,1.8646666666666667
2015-10-23 12:30:00,0.642
2015-10-23 12:45:00,2.051066666666667
2015-10-23 13:00:00,-0.004933333333333333
2015-10-23 13:15:00,1.7327333333333332
2015-10-23 13:30:00,1.0182
2015-10-23 13:45:00,-1.3859333333333332
2015-10-23 14:00:00,1.5380666666666667
2015-10-23 14:15:00,0.6848
2015-10-23 14:30:00,1.3752
2015-10-23 14:45:00,-0.13866666666666666
2015-10-23 15:00:00,2.050533333333333
2015-10-23 15:15:00,0.4561333333333333
2015-10-23 15:30:00,2.228666666666667
2015-10-23 15:45:00,0.9221333333333332
2015-10-23 16:00:00,2.5077333333333334
2015-10-23 16:15:00,1.4481333333333333
2015-10-23 16:30:00,0.6956666666666667
2015-10-23 16:45:00,1.8760666666666668
2015-10-23 17:00:00,2.0854
2015-10-23 17:15:00,1.2060666666666668
2015-10-23 17:30:00,1.1262666666666667
2015-10-23 17:45:00,2.3343333333333334
2015-10-23 18:00:00,1.4402666666666668
2015-10-23 18:15:00,1.794266666666667
2015-10-23 18:30:00,2.4034666666666666
2015-10-23 18:45:00,1.199466666666667
2015-10-23 19:00:00,1.8827333333333331
2015-10-23 19:15:00,1.0048
2015-10-23 19:30:00,1.8426
2015-10-23 19:45:00,1.0794666666666668
2015-10-23 20:00:00,2.1369333333333334
2015-10-23 20:15:00,0.9518
2015-10-23 20:30:00,3.4715333333333334
2015-10-23 20:45:00,1.3014
2015-10-23 21:00:00,2.853666666666667
2015-10-23 21:15:00,0.788
2015-10-23 21:30:00,2.0280666666666667
2015-10-23 21:45:00,0.4161333333333333
2015-10-23 22:00:00,1.7433333333333332
2015-10-23 22:15:00,0.5177333333333332
2015-10-23 22:30:00,2.051266666666667
2015-10-23 22:45:00,0.4236666666666665
2015-10-23 23:00:00,1.505
2015-10-23 23:15:00,0.8831333333333331
2015-10-23 23:30:00,0.8204
2015-10-23 23:45:00,1.6996
2015-10-24 00:00:00,0.435
2015-10-24 00:15:00,1.1804
2015-10-24 00:30:00,2.2542666666666666
2015-10-24 00:45:00,0.6582666666666666
2015-10-24 01:00:00,0.5521333333333333
2015-10-24 01:15:00,2.1832
2015-10-24 01:30:00,0.8761333333333331
2015-10-24 01:45:00,0.5428
2015-10-24 02:00:00,1.798
2015-10-24 02:15:00,0.8504
2015-10-24 02:30:00,0.801
2015-10-24 02:45:00,1.7411333333333332
2015-10-24 03:00:00,0.6877333333333332
2015-10-24 03:15:00,1.413
2015-10-24 03:30:00,1.3427333333333331
2015-10-24 03:45:00,0.699
2015-10-24 04:00:00,1.7889333333333333
2015-10-24 04:15:00,1.1724
2015-10-24 04:30:00,0.6160666666666667
2015-10-24 04:45:00,1.753
2015-10-24 05:00:00,0.6824666666666666
2015-10-24 05:15:00,1.7221333333333333
2015-10-24 05:30:00,0.7988
2015-10-24 05:45:00,0.42886666666666656
2015-10-24 06:00:00,1.2536666666666667
2015-10-24 06:15:00,1.7557333333333331
2015-10-24 06:30:00,0.5093333333333332
2015-10-24 06:45:00,0.4629333333333332
2015-10-24 07:00:00,1.2437333333333331
2015-10-24 07:15:00,1.7769333333333333
2015-10-24 07:30:00,0.4728666666666666
2015-10-24 07:45:00,0.4991333333333332
2015-10-24 08:00:00,0.8194666666666666
2015-10-24 08:15:00,1.8193333333333332
2015-10-24 08:30:00,0.4477333333333333
2015-10-24 08:45:00,0.5514
2015-10-24 09:00:00,1.1214
2015-10-24 09:15:00,1.8314
2015-10-24 09:30:00,0.42686666666666656
2015-10-24 09:45:00,1.2631333333333332
2015-10-24 10:00:00,2.336333333333333
2015-10-24 10:15:00,1.0099333333333331
2015-10-24 10:30:00,2.248666666666667
2015-10-24 10:45:00,1.6354
2015-10-24 11:00:00,1.9004
2015-10-24 11:15:00,1.8585333333333331
2015-10-24 11:30:00,3.046866666666667
2015-10-24 11:45:00,0.5514
2015-10-24 12:00:00,1.6492
2015-10-24 12:15:00,0.7258
2015-10-24 12:30:00,1.5034666666666667
2015-10-24 12:45:00,1.0217333333333332
2015-10-24 13:00:00,2.8876666666666666
2015-10-24 13:15:00,1.4958
2015-10-24 13:30:00,1.5941333333333332
2015-10-24 13:45:00,1.8448
2015-10-24 14:00:00,1.0269333333333333
2015-10-24 14:15:00,1.5192
2015-10-24 14:30:00,0.7557333333333331
2015-10-24 14:45:00,2.017533333333333
2015-10-24 15:00:00,0.6818666666666666
2015-10-24 15:15:00,0.4551333333333333
2015-10-24 15:30:00,0.4399333333333333
2015-10-24 15:45:00,1.8866
2015-10-24 16:00:00,0.946
2015-10-24 16:15:00,0.5725333333333332
2015-10-24 16:30:00,0.6002666666666666
2015-10-24 16:45:00,2.0802
2015-10-24 17:00:00,1.1872
2015-10-24 17:15:00,1.5975333333333332
2015-10-24 17:30:00,1.6437333333333333
2015-10-24 17:45:00,1.7431333333333332
2015-10-24 18:00:00,1.1844
2015-10-24 18:15:00,2.039066666666667
2015-10-24 18:30:00,1.4877333333333331
2015-10-24 18:45:00,2.8656
2015-10-24 19:00:00,2.9077333333333333
2015-10-24 19:15:00,1.526066666666667
2015-10-24 19:30:00,2.0272666666666668
2015-10-24 19:45:00,1.7706666666666668
2015-10-24 20:00:00,1.8677333333333332
2015-10-24 20:15:00,2.0406666666666666
2015-10-24 20:30:00,2.1298
2015-10-24 20:45:00,2.7622
2015-10-24 21:00:00,1.6788
2015-10-24 21:15:00,3.602066666666667
2015-10-24 21:30:00,3.922733333333333
2015-10-24 21:45:00,3.9689333333333328
2015-10-24 22:00:00,3.1684
2015-10-24 22:15:00,2.2584666666666666
2015-10-24 22:30:00,3.4916666666666667
2015-10-24 22:45:00,2.2294
2015-10-24 23:00:00,2.4915333333333334
2015-10-24 23:15:00,1.830733333333333
2015-10-24 23:30:00,1.6346
2015-10-24 23:45:00,1.2302
2015-10-25 00:00:00,0.4921333333333332
2015-10-25 00:15:00,1.2901333333333331
2015-10-25 00:30:00,1.1177333333333332
2015-10-25 00:45:00,1.0882
2015-10-25 01:00:00,0.6288666666666666
2015-10-25 01:15:00,0.4984
2015-10-25 01:30:00,1.0922666666666667
2015-10-25 01:45:00,0.7458
2015-10-25 02:00:00,0.6651333333333332
2015-10-25 02:15:00,0.8310666666666666
2015-10-25 02:30:00,1.0710666666666668
2015-10-25 02:45:00,0.6425333333333332
2015-10-25 03:00:00,0.6272
2015-10-25 03:15:00,0.9750666666666664
2015-10-25 03:30:00,1.1897333333333333
2015-10-25 03:45:00,0.4918666666666666
2015-10-25 04:00:00,0.5026666666666666
2015-10-25 04:15:00,0.7564666666666666
2015-10-25 04:30:00,1.2028
2015-10-25 04:45:00,0.6264666666666666
2015-10-25 05:00:00,0.5084666666666666
2015-10-25 05:15:00,0.9514
2015-10-25 05:30:00,1.0852666666666668
2015-10-25 05:45:00,0.7790666666666666
2015-10-25 06:00:00,1.0459333333333332
2015-10-25 06:15:00,1.497866666666667
2015-10-25 06:30:00,1.6234666666666668
2015-10-25 06:45:00,0.9826666666666664
2015-10-25 07:00:00,0.7886
2015-10-25 07:15:00,1.1624
2015-10-25 07:30:00,1.4588
2015-10-25 07:45:00,0.42186666666666656
2015-10-25 08:00:00,0.2452666666666666
2015-10-25 08:15:00,0.7653333333333331
2015-10-25 08:30:00,1.0090666666666663
2015-10-25 08:45:00,0.5004666666666666
2015-10-25 09:00:00,0.726
2015-10-25 09:15:00,1.6668666666666667
2015-10-25 09:30:00,1.0537333333333332
2015-10-25 09:45:00,0.6336
2015-10-25 10:00:00,0.6358
2015-10-25 10:15:00,1.3078
2015-10-25 10:30:00,0.8411333333333331
2015-10-25 10:45:00,0.1058
2015-10-25 11:00:00,-0.047466666666666664
2015-10-25 11:15:00,0.6059333333333332
2015-10-25 11:30:00,0.36353333333333326
2015-10-25 11:45:00,0.40346666666666653
2015-10-25 12:00:00,0.4546
2015-10-25 12:15:00,0.6865333333333332
2015-10-25 12:30:00,-0.4023333333333333
2015-10-25 12:45:00,-1.114
2015-10-25 13:00:00,-0.6148
2015-10-25 13:15:00,-0.13826666666666665
2015-10-25 13:30:00,-0.031
2015-10-25 13:45:00,-0.559
2015-10-25 14:00:00,-0.7650666666666666
2015-10-25 14:15:00,-0.17746666666666666
2015-10-25 14:30:00,-0.10746666666666664
2015-10-25 14:45:00,-0.0266
2015-10-25 15:00:00,0.1004
2015-10-25 15:15:00,0.2419333333333333
2015-10-25 15:30:00,-0.0566
2015-10-25 15:45:00,-0.09973333333333333
2015-10-25 16:00:00,0.42966666666666653
2015-10-25 16:15:00,0.7872666666666666
2015-10-25 16:30:00,0.005066666666666666
2015-10-25 16:45:00,-0.06146666666666666
2015-10-25 17:00:00,1.0163333333333333
2015-10-25 17:15:00,1.9928
2015-10-25 17:30:00,0.8758666666666666
2015-10-25 17:45:00,1.3444666666666667
2015-10-25 18:00:00,1.8166666666666669
2015-10-25 18:15:00,1.8320666666666667
2015-10-25 18:30:00,1.0242666666666664
2015-10-25 18:45:00,0.7049333333333332
2015-10-25 19:00:00,1.313
2015-10-25 19:15:00,1.2206666666666668
2015-10-25 19:30:00,0.9318666666666664
2015-10-25 19:45:00,1.146
2015-10-25 20:00:00,1.4014
2015-10-25 20:15:00,1.282
2015-10-25 20:30:00,1.113
2015-10-25 20:45:00,1.9468
2015-10-25 21:00:00,2.2656
2015-10-25 21:15:00,2.1968666666666667
2015-10-25 21:30:00,1.5616666666666668
2015-10-25 21:45:00,1.6813333333333331
2015-10-25 22:00:00,1.812533333333333
2015-10-25 22:15:00,1.7645333333333333
2015-10-25 22:30:00,0.7063333333333331
2015-10-25 22:45:00,0.7118666666666666
2015-10-25 23:00:00,1.2908
2015-10-25 23:15:00,0.8819333333333331
2015-10-25 23:30:00,0.5252
2015-10-25 23:45:00,0.6137333333333332
2015-10-26 00:00:00,1.0816
2015-10-26 00:15:00,0.8599333333333331
2015-10-26 00:30:00,0.6530666666666666
2015-10-26 00:45:00,0.7353333333333332
2015-10-26 01:00:00,1.193733333333333
2015-10-26 01:15:00,0.9268
2015-10-26 01:30:00,0.718
2015-10-26 01:45:00,0.8791333333333331
2015-10-26 02:00:00,1.247866666666667
2015-10-26 02:15:00,0.7138666666666666
2015-10-26 02:30:00,0.5702666666666666
2015-10-26 02:45:00,0.8342
2015-10-26 03:00:00,1.2051333333333332
2015-10-26 03:15:00,0.5792666666666666
2015-10-26 03:30:00,0.5082666666666666
2015-10-26 03:45:00,0.8642666666666666
2015-10-26 04:00:00,1.157
2015-10-26 04:15:00,0.5652666666666666
2015-10-26 04:30:00,0.5132666666666666
2015-10-26 04:45:00,1.0040666666666664
2015-10-26 05:00:00,1.0592666666666664
2015-10-26 05:15:00,0.5582
2015-10-26 05:30:00,0.4770666666666666
2015-10-26 05:45:00,0.9459333333333332
2015-10-26 06:00:00,1.3156666666666668
2015-10-26 06:15:00,0.5632666666666666
2015-10-26 06:30:00,0.9134
2015-10-26 06:45:00,1.7748
2015-10-26 07:00:00,1.5146
2015-10-26 07:15:00,1.0986
2015-10-26 07:30:00,0.6618
2015-10-26 07:45:00,0.9788666666666664
2015-10-26 08:00:00,0.343
2015-10-26 08:15:00,-0.8061333333333331
2015-10-26 08:30:00,-0.5680666666666666
2015-10-26 08:45:00,-0.6702
2015-10-26 09:00:00,-1.3087333333333333
2015-10-26 09:15:00,-1.7900666666666667
2015-10-26 09:30:00,-2.043133333333333
2015-10-26 09:45:00,-1.6362
2015-10-26 10:00:00,-0.85
2015-10-26 10:15:00,-1.5712
2015-10-26 10:30:00,-1.6800666666666668
2015-10-26 10:45:00,-1.157
2015-10-26 11:00:00,-1.6861333333333333
2015-10-26 11:15:00,-1.6578
2015-10-26 11:30:00,-1.138
2015-10-26 11:45:00,-0.7622666666666666
2015-10-26 12:00:00,-1.3432666666666668
2015-10-26 12:15:00,-1.3813333333333333
2015-10-26 12:30:00,-2.008
2015-10-26 12:45:00,-1.6093333333333333
2015-10-26 13:00:00,-2.449133333333333
2015-10-26 13:15:00,-2.566066666666667
2015-10-26 13:30:00,-2.1732666666666667
2015-10-26 13:45:00,-1.4322666666666668
2015-10-26 14:00:00,-2.195266666666667
2015-10-26 14:15:00,-1.9382
2015-10-26 14:30:00,-1.7638666666666667
2015-10-26 14:45:00,-0.5131333333333332
2015-10-26 15:00:00,-1.6994
2015-10-26 15:15:00,0.2642666666666666
2015-10-26 15:30:00,-0.7259333333333332
2015-10-26 15:45:00,0.9251333333333333
2015-10-26 16:00:00,-0.6625333333333332
2015-10-26 16:15:00,0.9314666666666664
2015-10-26 16:30:00,1.3682
2015-10-26 16:45:00,0.8066666666666666
2015-10-26 17:00:00,0.97
2015-10-26 17:15:00,1.741866666666667
2015-10-26 17:30:00,2.0120666666666667
2015-10-26 17:45:00,0.8182666666666666
2015-10-26 18:00:00,2.3134
2015-10-26 18:15:00,3.6426
2015-10-26 18:30:00,1.6632
2015-10-26 18:45:00,2.243666666666667
2015-10-26 19:00:00,2.385933333333333
2015-10-26 19:15:00,1.4130666666666667
2015-10-26 19:30:00,1.618866666666667
2015-10-26 19:45:00,2.759466666666667
2015-10-26 20:00:00,1.9561333333333333
2015-10-26 20:15:00,1.9972
2015-10-26 20:30:00,1.7816666666666667
2015-10-26 20:45:00,1.4083333333333332
2015-10-26 21:00:00,2.678933333333333
2015-10-26 21:15:00,0.8840666666666666
2015-10-26 21:30:00,2.3928
2015-10-26 21:45:00,1.4224666666666668
2015-10-26 22:00:00,2.5196
2015-10-26 22:15:00,1.6818
2015-10-26 22:30:00,2.263333333333333
2015-10-26 22:45:00,1.864
2015-10-26 23:00:00,2.018133333333333
2015-10-26 23:15:00,0.6674666666666667
2015-10-26 23:30:00,1.1713333333333331
2015-10-26 23:45:00,0.5016
2015-10-27 00:00:00,1.6276
2015-10-27 00:15:00,1.0782666666666667
2015-10-27 00:30:00,1.1087333333333331
2015-10-27 00:45:00,0.4563333333333333
2015-10-27 01:00:00,0.6570666666666666
2015-10-27 01:15:00,1.1405333333333332
2015-10-27 01:30:00,0.9074666666666666
2015-10-27 01:45:00,0.6250666666666665
2015-10-27 02:00:00,0.6271333333333332
2015-10-27 02:15:00,1.1086666666666667
2015-10-27 02:30:00,0.7616
2015-10-27 02:45:00,0.5788
2015-10-27 03:00:00,0.829
2015-10-27 03:15:00,1.1788
2015-10-27 03:30:00,0.7769333333333331
2015-10-27 03:45:00,0.5534
2015-10-27 04:00:00,0.553
2015-10-27 04:15:00,1.179
2015-10-27 04:30:00,0.7632666666666666
2015-10-27 04:45:00,0.5940666666666666
2015-10-27 05:00:00,0.5778666666666666
2015-10-27 05:15:00,1.1728
2015-10-27 05:30:00,1.2587333333333333
2015-10-27 05:45:00,1.435466666666667
2015-10-27 06:00:00,1.6345333333333332
2015-10-27 06:15:00,1.9043333333333332
2015-10-27 06:30:00,1.3732
2015-10-27 06:45:00,1.2338
2015-10-27 07:00:00,1.1730666666666667
2015-10-27 07:15:00,1.5358666666666667
2015-10-27 07:30:00,0.9612
2015-10-27 07:45:00,0.6804
2015-10-27 08:00:00,0.3008
2015-10-27 08:15:00,-0.2489333333333333
2015-10-27 08:30:00,-1.252133333333333
2015-10-27 08:45:00,-1.5296666666666667
2015-10-27 09:00:00,-1.13
2015-10-27 09:15:00,-1.1804666666666668
2015-10-27 09:30:00,-1.7696666666666667
2015-10-27 09:45:00,-1.9578
2015-10-27 10:00:00,-1.7454
2015-10-27 10:15:00,-1.5388666666666668
2015-10-27 10:30:00,-2.473
2015-10-27 10:45:00,-2.6948
2015-10-27 11:00:00,-2.308733333333333
2015-10-27 11:15:00,-2.1316
2015-10-27 11:30:00,-2.9396666666666667
2015-10-27 11:45:00,-2.9841333333333333
2015-10-27 12:00:00,-2.379
2015-10-27 12:15:00,-2.3828
2015-10-27 12:30:00,-2.6306
2015-10-27 12:45:00,-1.8113333333333332
2015-10-27 13:00:00,-2.489933333333333
2015-10-27 13:15:00,-2.1565333333333334
2015-10-27 13:30:00,-2.6324666666666667
2015-10-27 13:45:00,-1.4863333333333333
2015-10-27 14:00:00,-1.7569333333333332
2015-10-27 14:15:00,-1.8544666666666667
2015-10-27 14:30:00,-1.4924
2015-10-27 14:45:00,-0.5602666666666666
2015-10-27 15:00:00,-0.4212
2015-10-27 15:15:00,-0.8858
2015-10-27 15:30:00,0.2708
2015-10-27 15:45:00,-1.0944666666666667
2015-10-27 16:00:00,0.8363333333333332
2015-10-27 16:15:00,-0.08113333333333332
2015-10-27 16:30:00,1.1689333333333332
2015-10-27 16:45:00,1.4139333333333333
2015-10-27 17:00:00,0.5472666666666666
2015-10-27 17:15:00,1.8159333333333332
2015-10-27 17:30:00,1.7938666666666667
2015-10-27 17:45:00,2.1196
2015-10-27 18:00:00,0.6684666666666667
2015-10-27 18:15:00,2.0649333333333333
2015-10-27 18:30:00,1.5991333333333333
2015-10-27 18:45:00,0.7956
2015-10-27 19:00:00,1.9835333333333331
2015-10-27 19:15:00,1.737866666666667
2015-10-27 19:30:00,1.3939333333333332
2015-10-27 19:45:00,2.4292
2015-10-27 20:00:00,2.2486
2015-10-27 20:15:00,1.3590666666666669
2015-10-27 20:30:00,2.653
2015-10-27 20:45:00,2.4538
2015-10-27 21:00:00,2.074333333333333
2015-10-27 21:15:00,1.978
2015-10-27 21:30:00,1.0526666666666664
2015-10-27 21:45:00,2.368733333333333
2015-10-27 22:00:00,1.946
2015-10-27 22:15:00,1.8938
2015-10-27 22:30:00,1.8223333333333331
2015-10-27 22:45:00,0.9535333333333332
2015-10-27 23:00:00,0.7823333333333331
2015-10-27 23:15:00,1.6412
2015-10-27 23:30:00,0.5546
2015-10-27 23:45:00,1.3082
2015-10-28 00:00:00,0.848
2015-10-28 00:15:00,0.5581333333333331
2015-10-28 00:30:00,1.7228
2015-10-28 00:45:00,1.2159333333333333
2015-10-28 01:00:00,0.599
2015-10-28 01:15:00,0.43666666666666654
2015-10-28 01:30:00,0.856
2015-10-28 01:45:00,1.1966666666666668
2015-10-28 02:00:00,0.5427333333333332
2015-10-28 02:15:00,0.4702666666666666
2015-10-28 02:30:00,1.1316
2015-10-28 02:45:00,1.0174
2015-10-28 03:00:00,0.4282666666666666
2015-10-28 03:15:00,0.6272
2015-10-28 03:30:00,1.179
2015-10-28 03:45:00,1.1262
2015-10-28 04:00:00,0.44746666666666657
2015-10-28 04:15:00,0.5339333333333331
2015-10-28 04:30:00,0.7890666666666666
2015-10-28 04:45:00,0.9041333333333332
2015-10-28 05:00:00,0.6686666666666666
2015-10-28 05:15:00,1.0519333333333332
2015-10-28 05:30:00,1.415
2015-10-28 05:45:00,1.0420666666666665
2015-10-28 06:00:00,0.8575333333333331
2015-10-28 06:15:00,1.3699333333333332
2015-10-28 06:30:00,1.5422
2015-10-28 06:45:00,1.7240666666666669
2015-10-28 07:00:00,0.6022
2015-10-28 07:15:00,0.4472
2015-10-28 07:30:00,0.6684666666666667
2015-10-28 07:45:00,0.5059333333333332
2015-10-28 08:00:00,0.1267333333333333
2015-10-28 08:15:00,-0.2537333333333333
2015-10-28 08:30:00,-0.4693333333333332
2015-10-28 08:45:00,-1.181266666666667
2015-10-28 09:00:00,-0.6068666666666666
2015-10-28 09:15:00,-1.4222
2015-10-28 09:30:00,-1.3261333333333332
2015-10-28 09:45:00,-1.6516666666666668
2015-10-28 10:00:00,-1.7681333333333331
2015-10-28 10:15:00,-1.8664
2015-10-28 10:30:00,-1.6971333333333332
2015-10-28 10:45:00,-1.708
2015-10-28 11:00:00,-2.759
2015-10-28 11:15:00,-2.1613333333333333
2015-10-28 11:30:00,-2.1568666666666667
2015-10-28 11:45:00,-2.5209333333333332
2015-10-28 12:00:00,-0.6696
2015-10-28 12:15:00,-0.9713333333333332
2015-10-28 12:30:00,-1.5506666666666669
2015-10-28 12:45:00,-1.8962666666666668
2015-10-28 13:00:00,-2.627933333333333
2015-10-28 13:15:00,-2.4677333333333333
2015-10-28 13:30:00,-1.5381333333333331
2015-10-28 13:45:00,-2.228466666666667
2015-10-28 14:00:00,-1.9538666666666669
2015-10-28 14:15:00,-0.05673333333333332
2015-10-28 14:30:00,-0.6437333333333332
2015-10-28 14:45:00,-1.1680666666666668
2015-10-28 15:00:00,-0.12146666666666665
2015-10-28 15:15:00,-0.5785333333333332
2015-10-28 15:30:00,1.0186666666666664
2015-10-28 15:45:00,0.4033333333333333
2015-10-28 16:00:00,0.5164666666666666
2015-10-28 16:15:00,2.09
2015-10-28 16:30:00,0.9906666666666664
2015-10-28 16:45:00,0.2387333333333333
2015-10-28 17:00:00,1.2152666666666667
2015-10-28 17:15:00,0.6226
2015-10-28 17:30:00,0.8767333333333331
2015-10-28 17:45:00,1.739933333333333
2015-10-28 18:00:00,0.7464666666666666
2015-10-28 18:15:00,1.9985333333333333
2015-10-28 18:30:00,1.6628
2015-10-28 18:45:00,2.606066666666667
2015-10-28 19:00:00,2.039333333333333
2015-10-28 19:15:00,2.255933333333333
2015-10-28 19:30:00,2.1405333333333334
2015-10-28 19:45:00,1.5510666666666668
2015-10-28 20:00:00,2.6266
2015-10-28 20:15:00,1.4297333333333333
2015-10-28 20:30:00,2.4920666666666667
2015-10-28 20:45:00,1.126
2015-10-28 21:00:00,3.275266666666667
2015-10-28 21:15:00,2.0489333333333333
2015-10-28 21:30:00,2.356266666666667
2015-10-28 21:45:00,1.4482666666666668
2015-10-28 22:00:00,1.0133333333333332
2015-10-28 22:15:00,1.2310666666666668
2015-10-28 22:30:00,0.6196
2015-10-28 22:45:00,1.7149333333333332
2015-10-28 23:00:00,1.1882666666666668
2015-10-28 23:15:00,0.9890666666666664
2015-10-28 23:30:00,0.5823333333333331
2015-10-28 23:45:00,0.6662666666666666
2015-10-29 00:00:00,1.2824
2015-10-29 00:15:00,1.0600666666666665
2015-10-29 00:30:00,0.5094666666666666
2015-10-29 00:45:00,0.566
2015-10-29 01:00:00,1.225
2015-10-29 01:15:00,1.0028666666666664
2015-10-29 01:30:00,0.6318
2015-10-29 01:45:00,0.9538666666666664
2015-10-29 02:00:00,1.2356666666666667
2015-10-29 02:15:00,0.8559333333333331
2015-10-29 02:30:00,0.5123333333333332
2015-10-29 02:45:00,0.6341333333333332
2015-10-29 03:00:00,1.3744666666666667
2015-10-29 03:15:00,0.9761333333333332
2015-10-29 03:30:00,0.5388
2015-10-29 03:45:00,0.4889333333333332
2015-10-29 04:00:00,1.2638
2015-10-29 04:15:00,0.9756666666666663
2015-10-29 04:30:00,0.4906666666666666
2015-10-29 04:45:00,1.0146
2015-10-29 05:00:00,1.2656666666666667
2015-10-29 05:15:00,0.7461333333333331
2015-10-29 05:30:00,0.7835333333333331
2015-10-29 05:45:00,1.1236666666666668
2015-10-29 06:00:00,1.5962
2015-10-29 06:15:00,1.1468
2015-10-29 06:30:00,1.1107333333333331
2015-10-29 06:45:00,1.1498666666666668
2015-10-29 07:00:00,1.2386
2015-10-29 07:15:00,0.6414666666666666
2015-10-29 07:30:00,0.5018
2015-10-29 07:45:00,0.9688
2015-10-29 08:00:00,0.7198
2015-10-29 08:15:00,-0.7090666666666666
2015-10-29 08:30:00,-1.224
2015-10-29 08:45:00,-0.8374666666666666
2015-10-29 09:00:00,-0.8088666666666666
2015-10-29 09:15:00,-1.4357333333333333
2015-10-29 09:30:00,-1.519
2015-10-29 09:45:00,-1.1236666666666668
2015-10-29 10:00:00,-1.1558
2015-10-29 10:15:00,-1.5718666666666667
2015-10-29 10:30:00,-1.4648666666666668
2015-10-29 10:45:00,-1.8003333333333331
2015-10-29 11:00:00,-2.2354
2015-10-29 11:15:00,-2.3869333333333334
2015-10-29 11:30:00,-2.3498
2015-10-29 11:45:00,-0.7702
2015-10-29 12:00:00,-0.9804
2015-10-29 12:15:00,-1.6825333333333332
2015-10-29 12:30:00,-2.400533333333333
2015-10-29 12:45:00,-1.648
2015-10-29 13:00:00,-1.3667333333333331
2015-10-29 13:15:00,-1.6013333333333333
2015-10-29 13:30:00,-2.3152666666666666
2015-10-29 13:45:00,-1.4706
2015-10-29 14:00:00,-1.7133333333333332
2015-10-29 14:15:00,-0.7449333333333331
2015-10-29 14:30:00,-1.602933333333333
2015-10-29 14:45:00,-0.8178666666666666
2015-10-29 15:00:00,0.8121333333333332
2015-10-29 15:15:00,-0.7906666666666666
2015-10-29 15:30:00,-0.747
2015-10-29 15:45:00,0.0264
2015-10-29 16:00:00,0.7776666666666666
2015-10-29 16:15:00,1.2527333333333333
2015-10-29 16:30:00,0.8069333333333331
2015-10-29 16:45:00,2.252533333333333
2015-10-29 17:00:00,0.8968
2015-10-29 17:15:00,2.1209333333333333
2015-10-29 17:30:00,2.720466666666667
2015-10-29 17:45:00,2.1564
2015-10-29 18:00:00,2.1336
2015-10-29 18:15:00,3.2662666666666667
2015-10-29 18:30:00,3.505666666666667
2015-10-29 18:45:00,2.6219333333333332
2015-10-29 19:00:00,3.9535333333333327
2015-10-29 19:15:00,3.4666
2015-10-29 19:30:00,3.194866666666667
2015-10-29 19:45:00,2.933533333333333
2015-10-29 20:00:00,4.037533333333333
2015-10-29 20:15:00,3.1102
2015-10-29 20:30:00,2.501266666666667
2015-10-29 20:45:00,3.8603333333333327
2015-10-29 21:00:00,3.686333333333333
2015-10-29 21:15:00,2.6172
2015-10-29 21:30:00,3.5437333333333334
2015-10-29 21:45:00,3.4878666666666667
2015-10-29 22:00:00,1.2377333333333331
2015-10-29 22:15:00,2.200066666666667
2015-10-29 22:30:00,1.141133333333333
2015-10-29 22:45:00,1.6674
2015-10-29 23:00:00,0.7390666666666666
2015-10-29 23:15:00,2.075
2015-10-29 23:30:00,1.4028
2015-10-29 23:45:00,0.7986666666666666
2015-10-30 00:00:00,1.3095333333333332
2015-10-30 00:15:00,1.0358666666666665
2015-10-30 00:30:00,1.0076
2015-10-30 00:45:00,0.5766
2015-10-30 01:00:00,0.5748
2015-10-30 01:15:00,1.7846666666666668
2015-10-30 01:30:00,1.1673333333333331
2015-10-30 01:45:00,0.6956
2015-10-30 02:00:00,0.6056
2015-10-30 02:15:00,1.0322666666666664
2015-10-30 02:30:00,1.8707333333333331
2015-10-30 02:45:00,0.5634
2015-10-30 03:00:00,0.5693333333333332
2015-10-30 03:15:00,1.1804666666666668
2015-10-30 03:30:00,0.8555333333333331
2015-10-30 03:45:00,1.8232666666666668
2015-10-30 04:00:00,0.589
2015-10-30 04:15:00,0.7812
2015-10-30 04:30:00,0.7263333333333332
2015-10-30 04:45:00,1.1374
