0,4.0,59
1,4.0,59
2,4.0,59
3,0.0,59
4,2.0,59
5,2.0,59
6,4.0,59
7,0.0,59
8,2.0,59
9,2.0,59
10,2.0,59
11,2.0,59
12,0.0,59
13,2.0,59
14,0.0,59
15,2.0,86
16,4.0,86
17,2.0,86
18,4.0,86
19,4.0,86
20,2.0,86
21,2.0,86
22,4.0,86
23,0.0,86
24,4.0,86
25,4.0,86
26,4.0,86
27,4.0,86
28,0.0,86
29,4.0,86
30,4.0,94
31,0.0,94
32,0.0,94
33,4.0,94
34,0.0,94
35,2.0,94
36,2.0,94
37,3.0,94
38,4.0,94
39,4.0,94
40,4.0,94
41,4.0,94
42,2.0,94
43,4.0,94
44,4.0,94
45,4.0,101
46,2.0,101
47,4.0,101
48,4.0,101
49,4.0,101
50,4.0,101
51,0.0,101
52,2.0,101
53,4.0,101
54,2.0,101
55,4.0,101
56,4.0,101
57,2.0,101
58,4.0,101
59,0.0,101
60,0.0,115
61,4.0,115
62,4.0,115
63,4.0,115
64,1.0,115
65,2.0,115
66,3.0,115
67,4.0,115
68,0.0,115
69,4.0,115
70,4.0,115
71,4.0,115
72,4.0,115
73,2.0,115
74,3.0,115
75,2.0,130
76,2.0,130
77,4.0,130
78,0.0,130
79,4.0,130
80,2.0,130
81,2.0,130
82,4.0,130
83,4.0,130
84,2.0,130
85,2.0,130
86,0.0,130
87,4.0,130
88,4.0,130
89,4.0,130
90,4.0,160
91,0.0,160
92,2.0,160
93,4.0,160
94,2.0,160
95,0.0,160
96,0.0,160
97,4.0,160
98,2.0,160
99,2.0,160
100,2.0,160
101,2.0,160
102,4.0,160
103,0.0,160
104,4.0,160
105,4.0,222
106,2.0,222
107,2.0,222
108,2.0,222
109,4.0,222
110,0.0,222
111,2.0,222
112,4.0,222
113,4.0,222
114,4.0,222
115,2.0,222
116,0.0,222
117,2.0,222
118,2.0,222
119,0.0,222
120,4.0,267
121,2.0,267
122,4.0,267
123,4.0,267
124,2.0,267
125,2.0,267
126,0.0,267
127,0.0,267
128,4.0,267
129,4.0,267
130,2.0,267
131,2.0,267
132,3.0,267
133,0.0,267
134,2.0,267
135,0.0,410
136,2.0,410
137,0.0,410
138,4.0,410
139,0.0,410
140,2.0,410
141,4.0,410
142,4.0,410
143,4.0,410
144,2.0,410
145,0.0,410
146,4.0,410
147,2.0,410
148,4.0,410
149,2.0,410
150,4.0,436
151,2.0,436
152,2.0,436
153,4.0,436
154,2.0,436
155,4.0,436
156,4.0,436
157,2.0,436
158,0.0,436
159,2.0,436
160,1.0,436
161,2.0,436
162,2.0,436
163,4.0,436
164,2.0,436
165,4.0,457
166,1.0,457
167,4.0,457
168,4.0,457
169,4.0,457
170,2.0,457
171,4.0,457
172,2.0,457
173,2.0,457
174,2.0,457
175,4.0,457
176,4.0,457
177,2.0,457
178,3.0,457
179,4.0,457
180,4.0,484
181,0.0,484
182,2.0,484
183,3.0,484
184,4.0,484
185,0.0,484
186,4.0,484
187,4.0,484
188,0.0,484
189,4.0,484
190,4.0,484
191,4.0,484
192,4.0,484
193,4.0,484
194,4.0,484
195,0.0,491
196,4.0,491
197,2.0,491
198,2.0,491
199,4.0,491
200,0.0,491
201,0.0,491
202,0.0,491
203,0.0,491
204,0.0,491
205,0.0,491
206,0.0,491
207,0.0,491
208,0.0,491
209,0.0,491
210,0.0,503
211,0.0,503
212,0.0,503
213,0.0,503
214,0.0,503
215,0.0,503
216,0.0,503
217,0.0,503
218,0.0,503
219,0.0,503
220,0.0,503
221,0.0,503
222,0.0,503
223,0.0,503
224,0.0,503
225,0.0,507
226,0.0,507
227,0.0,507
228,0.0,507
229,0.0,507
230,0.0,507
231,0.0,507
232,0.0,507
233,0.0,507
234,0.0,507
235,0.0,507
236,0.0,507
237,0.0,507
238,0.0,507
239,0.0,507
240,0.0,573
241,0.0,573
242,0.0,573
243,0.0,573
244,0.0,573
245,0.0,573
246,0.0,573
247,0.0,573
248,0.0,573
249,0.0,573
250,0.0,573
251,0.0,573
252,0.0,573
253,0.0,573
254,0.0,573
255,0.0,575
256,0.0,575
257,0.0,575
258,0.0,575
259,0.0,575
260,0.0,575
261,0.0,575
262,0.0,575
263,0.0,575
264,0.0,575
265,0.0,575
266,0.0,575
267,0.0,575
268,0.0,575
269,0.0,575
270,0.0,580
271,0.0,580
272,0.0,580
273,0.0,580
274,0.0,580
275,0.0,580
276,0.0,580
277,0.0,580
278,0.0,580
279,0.0,580
280,0.0,580
281,0.0,580
282,0.0,580
283,0.0,580
284,0.0,580
285,0.0,739
286,0.0,739
287,0.0,739
288,0.0,739
289,0.0,739
290,0.0,739
291,0.0,739
292,0.0,739
293,0.0,739
294,0.0,739
295,0.0,739
296,0.0,739
297,0.0,739
298,0.0,739
299,0.0,739
300,0.0,772
301,0.0,772
302,0.0,772
303,0.0,772
304,0.0,772
305,0.0,772
306,0.0,772
307,0.0,772
308,0.0,772
309,0.0,772
310,0.0,772
311,0.0,772
312,0.0,772
313,0.0,772
314,0.0,772
315,0.0,796
316,0.0,796
317,0.0,796
318,0.0,796
319,0.0,796
320,0.0,796
321,0.0,796
322,0.0,796
323,0.0,796
324,0.0,796
325,0.0,796
326,0.0,796
327,0.0,796
328,0.0,796
329,0.0,796
330,0.0,871
331,0.0,871
332,0.0,871
333,0.0,871
334,0.0,871
335,0.0,871
336,0.0,871
337,0.0,871
338,0.0,871
339,0.0,871
340,0.0,871
341,0.0,871
342,0.0,871
343,0.0,871
344,0.0,871
345,0.0,946
346,0.0,946
347,0.0,946
348,0.0,946
349,0.0,946
350,0.0,946
351,0.0,946
352,0.0,946
353,0.0,946
354,0.0,946
355,0.0,946
356,0.0,946
357,0.0,946
358,0.0,946
359,0.0,946
360,0.0,954
361,0.0,954
362,0.0,954
363,0.0,954
364,0.0,954
365,0.0,954
366,0.0,954
367,0.0,954
368,0.0,954
369,0.0,954
370,0.0,954
371,0.0,954
372,0.0,954
373,0.0,954
374,0.0,954
375,0.0,994
376,0.0,994
377,0.0,994
378,0.0,994
379,0.0,994
380,0.0,994
381,0.0,994
382,0.0,994
383,0.0,994
384,0.0,994
385,0.0,994
386,0.0,994
387,0.0,994
388,0.0,994
389,0.0,994
390,0.0,1086
391,0.0,1086
392,0.0,1086
393,0.0,1086
394,0.0,1086
395,0.0,1086
396,0.0,1086
397,0.0,1086
398,0.0,1086
399,0.0,1086
400,0.0,1086
401,0.0,1086
402,0.0,1086
403,0.0,1086
404,0.0,1086
405,0.0,1202
406,0.0,1202
407,0.0,1202
408,0.0,1202
409,0.0,1202
410,0.0,1202
411,0.0,1202
412,0.0,1202
413,0.0,1202
414,0.0,1202
415,0.0,1202
416,0.0,1202
417,0.0,1202
418,0.0,1202
419,0.0,1202
420,0.0,1310
421,0.0,1310
422,0.0,1310
423,0.0,1310
424,0.0,1310
425,0.0,1310
426,0.0,1310
427,0.0,1310
428,0.0,1310
429,0.0,1310
430,0.0,1310
431,0.0,1310
432,0.0,1310
433,0.0,1310
434,0.0,1310
435,0.0,1314
436,0.0,1314
437,0.0,1314
438,0.0,1314
439,0.0,1314
440,0.0,1314
441,0.0,1314
442,0.0,1314
443,0.0,1314
444,0.0,1314
445,0.0,1314
446,0.0,1314
447,0.0,1314
448,0.0,1314
449,0.0,1314
450,0.0,1334
451,0.0,1334
452,0.0,1334
453,0.0,1334
454,0.0,1334
455,0.0,1334
456,0.0,1334
457,0.0,1334
458,0.0,1334
459,0.0,1334
460,0.0,1334
461,0.0,1334
462,0.0,1334
463,0.0,1334
464,0.0,1334
465,0.0,1403
466,0.0,1403
467,0.0,1403
468,0.0,1403
469,0.0,1403
470,0.0,1403
471,0.0,1403
472,0.0,1403
473,0.0,1403
474,0.0,1403
475,0.0,1403
476,0.0,1403
477,0.0,1403
478,0.0,1403
479,0.0,1403
480,0.0,1463
481,0.0,1463
482,0.0,1463
483,0.0,1463
484,0.0,1463
485,0.0,1463
486,0.0,1463
487,0.0,1463
488,0.0,1463
489,0.0,1463
490,0.0,1463
491,0.0,1463
492,0.0,1463
493,0.0,1463
494,0.0,1463
495,0.0,1500
496,0.0,1500
497,0.0,1500
498,0.0,1500
499,0.0,1500
500,0.0,1500
501,0.0,1500
502,0.0,1500
503,0.0,1500
504,0.0,1500
505,0.0,1500
506,0.0,1500
507,0.0,1500
508,0.0,1500
509,0.0,1500
510,0.0,1507
511,0.0,1507
512,0.0,1507
513,0.0,1507
514,0.0,1507
515,0.0,1507
516,0.0,1507
517,0.0,1507
518,0.0,1507
519,0.0,1507
520,0.0,1507
521,0.0,1507
522,0.0,1507
523,0.0,1507
524,0.0,1507
525,0.0,1577
526,0.0,1577
527,0.0,1577
528,0.0,1577
529,0.0,1577
530,0.0,1577
531,0.0,1577
532,0.0,1577
533,0.0,1577
534,0.0,1577
535,0.0,1577
536,0.0,1577
537,0.0,1577
538,0.0,1577
539,0.0,1577
540,0.0,1586
541,0.0,1586
542,0.0,1586
543,0.0,1586
544,0.0,1586
545,0.0,1586
546,0.0,1586
547,0.0,1586
548,0.0,1586
549,0.0,1586
550,0.0,1586
551,0.0,1586
552,0.0,1586
553,0.0,1586
554,0.0,1586
555,0.0,1589
556,0.0,1589
557,0.0,1589
558,0.0,1589
559,0.0,1589
560,0.0,1589
561,0.0,1589
562,0.0,1589
563,0.0,1589
564,0.0,1589
565,0.0,1589
566,0.0,1589
567,0.0,1589
568,0.0,1589
569,0.0,1589
570,0.0,1617
571,0.0,1617
572,0.0,1617
573,0.0,1617
574,0.0,1617
575,0.0,1617
576,0.0,1617
577,0.0,1617
578,0.0,1617
579,0.0,1617
580,0.0,1617
581,0.0,1617
582,0.0,1617
583,0.0,1617
584,0.0,1617
585,0.0,1632
586,0.0,1632
587,0.0,1632
588,0.0,1632
589,0.0,1632
590,0.0,1632
591,0.0,1632
592,0.0,1632
593,0.0,1632
594,0.0,1632
595,0.0,1632
596,0.0,1632
597,0.0,1632
598,0.0,1632
599,0.0,1632
600,0.0,1681
601,0.0,1681
602,0.0,1681
603,0.0,1681
604,0.0,1681
605,0.0,1681
606,0.0,1681
607,0.0,1681
608,0.0,1681
609,0.0,1681
610,0.0,1681
611,0.0,1681
612,0.0,1681
613,0.0,1681
614,0.0,1681
615,0.0,1700
616,0.0,1700
617,0.0,1700
618,0.0,1700
619,0.0,1700
620,0.0,1700
621,0.0,1700
622,0.0,1700
623,0.0,1700
624,0.0,1700
625,0.0,1700
626,0.0,1700
627,0.0,1700
628,0.0,1700
629,0.0,1700
630,0.0,1832
631,0.0,1832
632,0.0,1832
633,0.0,1832
634,0.0,1832
635,0.0,1832
636,0.0,1832
637,0.0,1832
638,0.0,1832
639,0.0,1832
640,0.0,1832
641,0.0,1832
642,0.0,1832
643,0.0,1832
644,0.0,1832
645,0.0,1947
646,0.0,1947
647,0.0,1947
648,0.0,1947
649,0.0,1947
650,0.0,1947
651,0.0,1947
652,0.0,1947
653,0.0,1947
654,0.0,1947
655,0.0,1947
656,0.0,1947
657,0.0,1947
658,0.0,1947
659,0.0,1947
660,0.0,1953
661,0.0,1953
662,0.0,1953
663,0.0,1953
664,0.0,1953
665,0.0,1953
666,0.0,1953
667,0.0,1953
668,0.0,1953
669,0.0,1953
670,0.0,1953
671,0.0,1953
672,0.0,1953
673,0.0,1953
674,0.0,1953
675,0.0,2034
676,0.0,2034
677,0.0,2034
678,0.0,2034
679,0.0,2034
680,0.0,2034
681,0.0,2034
682,0.0,2034
683,0.0,2034
684,0.0,2034
685,0.0,2034
686,0.0,2034
687,0.0,2034
688,0.0,2034
689,0.0,2034
690,0.0,2075
691,0.0,2075
692,0.0,2075
693,0.0,2075
694,0.0,2075
695,0.0,2075
696,0.0,2075
697,0.0,2075
698,0.0,2075
699,0.0,2075
700,0.0,2075
701,0.0,2075
702,0.0,2075
703,0.0,2075
704,0.0,2075
705,0.0,2156
706,0.0,2156
707,0.0,2156
708,0.0,2156
709,0.0,2156
710,0.0,2156
711,0.0,2156
712,0.0,2156
713,0.0,2156
714,0.0,2156
715,0.0,2156
716,0.0,2156
717,0.0,2156
718,0.0,2156
719,0.0,2156
720,0.0,2158
721,0.0,2158
722,0.0,2158
723,0.0,2158
724,0.0,2158
725,0.0,2158
726,0.0,2158
727,0.0,2158
728,0.0,2158
729,0.0,2158
730,0.0,2158
731,0.0,2158
732,0.0,2158
733,0.0,2158
734,0.0,2158
735,0.0,2171
736,0.0,2171
737,0.0,2171
738,0.0,2171
739,0.0,2171
740,0.0,2171
741,0.0,2171
742,0.0,2171
743,0.0,2171
744,0.0,2171
745,0.0,2171
746,0.0,2171
747,0.0,2171
748,0.0,2171
749,0.0,2171
750,0.0,2242
751,0.0,2242
752,0.0,2242
753,0.0,2242
754,0.0,2242
755,0.0,2242
756,0.0,2242
757,0.0,2242
758,0.0,2242
759,0.0,2242
760,0.0,2242
761,0.0,2242
762,0.0,2242
763,0.0,2242
764,0.0,2242
765,0.0,2378
766,0.0,2378
767,0.0,2378
768,0.0,2378
769,0.0,2378
770,0.0,2378
771,0.0,2378
772,0.0,2378
773,0.0,2378
774,0.0,2378
775,0.0,2378
776,0.0,2378
777,0.0,2378
778,0.0,2378
779,0.0,2378
780,0.0,2401
781,0.0,2401
782,0.0,2401
783,0.0,2401
784,0.0,2401
785,0.0,2401
786,0.0,2401
787,0.0,2401
788,0.0,2401
789,0.0,2401
790,0.0,2401
791,0.0,2401
792,0.0,2401
793,0.0,2401
794,0.0,2401
795,0.0,2472
796,0.0,2472
797,0.0,2472
798,0.0,2472
799,0.0,2472
800,0.0,2472
801,0.0,2472
802,0.0,2472
803,0.0,2472
804,0.0,2472
805,0.0,2472
806,0.0,2472
807,0.0,2472
808,0.0,2472
809,0.0,2472
810,0.0,2510
811,0.0,2510
812,0.0,2510
813,0.0,2510
814,0.0,2510
815,0.0,2510
816,0.0,2510
817,0.0,2510
818,0.0,2510
819,0.0,2510
820,0.0,2510
821,0.0,2510
822,0.0,2510
823,0.0,2510
824,0.0,2510
825,0.0,2532
826,0.0,2532
827,0.0,2532
828,0.0,2532
829,0.0,2532
830,0.0,2532
831,0.0,2532
832,0.0,2532
833,0.0,2532
834,0.0,2532
835,0.0,2532
836,0.0,2532
837,0.0,2532
838,0.0,2532
839,0.0,2532
840,0.0,2641
841,0.0,2641
842,0.0,2641
843,0.0,2641
844,0.0,2641
845,0.0,2641
846,0.0,2641
847,0.0,2641
848,0.0,2641
849,0.0,2641
850,0.0,2641
851,0.0,2641
852,0.0,2641
853,0.0,2641
854,0.0,2641
855,0.0,2751
856,0.0,2751
857,0.0,2751
858,0.0,2751
859,0.0,2751
860,0.0,2751
861,0.0,2751
862,0.0,2751
863,0.0,2751
864,0.0,2751
865,0.0,2751
866,0.0,2751
867,0.0,2751
868,0.0,2751
869,0.0,2751
870,0.0,2769
871,0.0,2769
872,0.0,2769
873,0.0,2769
874,0.0,2769
875,0.0,2769
876,0.0,2769
877,0.0,2769
878,0.0,2769
879,0.0,2769
880,0.0,2769
881,0.0,2769
882,0.0,2769
883,0.0,2769
884,0.0,2769
885,0.0,2787
886,0.0,2787
887,0.0,2787
888,0.0,2787
889,0.0,2787
890,0.0,2787
891,0.0,2787
892,0.0,2787
893,0.0,2787
894,0.0,2787
895,0.0,2787
896,0.0,2787
897,0.0,2787
898,0.0,2787
899,0.0,2787
900,0.0,2829
901,0.0,2829
902,0.0,2829
903,0.0,2829
904,0.0,2829
905,0.0,2829
906,0.0,2829
907,0.0,2829
908,0.0,2829
909,0.0,2829
910,0.0,2829
911,0.0,2829
912,0.0,2829
913,0.0,2829
914,0.0,2829
915,0.0,2859
916,0.0,2859
917,0.0,2859
918,0.0,2859
919,0.0,2859
920,0.0,2859
921,0.0,2859
922,0.0,2859
923,0.0,2859
924,0.0,2859
925,0.0,2859
926,0.0,2859
927,0.0,2859
928,0.0,2859
929,0.0,2859
930,0.0,2907
931,0.0,2907
932,0.0,2907
933,0.0,2907
934,0.0,2907
935,0.0,2907
936,0.0,2907
937,0.0,2907
938,0.0,2907
939,0.0,2907
940,0.0,2907
941,0.0,2907
942,0.0,2907
943,0.0,2907
944,0.0,2907
945,0.0,2953
946,0.0,2953
947,0.0,2953
948,0.0,2953
949,0.0,2953
950,0.0,2953
951,0.0,2953
952,0.0,2953
953,0.0,2953
954,0.0,2953
955,0.0,2953
956,0.0,2953
957,0.0,2953
958,0.0,2953
959,0.0,2953
960,0.0,2992
961,0.0,2992
962,0.0,2992
963,0.0,2992
964,0.0,2992
965,0.0,2992
966,0.0,2992
967,0.0,2992
968,0.0,2992
969,0.0,2992
970,0.0,2992
971,0.0,2992
972,0.0,2992
973,0.0,2992
974,0.0,2992
975,0.0,3268
976,0.0,3268
977,0.0,3268
978,0.0,3268
979,0.0,3268
980,0.0,3268
981,0.0,3268
982,0.0,3268
983,0.0,3268
984,0.0,3268
985,0.0,3268
986,0.0,3268
987,0.0,3268
988,0.0,3268
989,0.0,3268
990,0.0,3273
991,0.0,3273
992,0.0,3273
993,0.0,3273
994,0.0,3273
995,0.0,3273
996,0.0,3273
997,0.0,3273
998,0.0,3273
999,0.0,3273
1000,0.0,3273
1001,0.0,3273
1002,0.0,3273
1003,0.0,3273
1004,0.0,3273
1005,0.0,3392
1006,0.0,3392
1007,0.0,3392
1008,0.0,3392
1009,0.0,3392
1010,0.0,3392
1011,0.0,3392
1012,0.0,3392
1013,0.0,3392
1014,0.0,3392
1015,0.0,3392
1016,0.0,3392
1017,0.0,3392
1018,0.0,3392
1019,0.0,3392
1020,0.0,3401
1021,0.0,3401
1022,0.0,3401
1023,0.0,3401
1024,0.0,3401
1025,0.0,3401
1026,0.0,3401
1027,0.0,3401
1028,0.0,3401
1029,0.0,3401
1030,0.0,3401
1031,0.0,3401
1032,0.0,3401
1033,0.0,3401
1034,0.0,3401
1035,0.0,3413
1036,0.0,3413
1037,0.0,3413
1038,0.0,3413
1039,0.0,3413
1040,0.0,3413
1041,0.0,3413
1042,0.0,3413
1043,0.0,3413
1044,0.0,3413
1045,0.0,3413
1046,0.0,3413
1047,0.0,3413
1048,0.0,3413
1049,0.0,3413
1050,0.0,3443
1051,0.0,3443
1052,0.0,3443
1053,0.0,3443
1054,0.0,3443
1055,0.0,3443
1056,0.0,3443
1057,0.0,3443
1058,0.0,3443
1059,0.0,3443
1060,0.0,3443
1061,0.0,3443
1062,0.0,3443
1063,0.0,3443
1064,0.0,3443
1065,0.0,3500
1066,0.0,3500
1067,0.0,3500
1068,0.0,3500
1069,0.0,3500
1070,0.0,3500
1071,0.0,3500
1072,0.0,3500
1073,0.0,3500
1074,0.0,3500
1075,0.0,3500
1076,0.0,3500
1077,0.0,3500
1078,0.0,3500
1079,0.0,3500
1080,0.0,3510
1081,0.0,3510
1082,0.0,3510
1083,0.0,3510
1084,0.0,3510
1085,0.0,3510
1086,0.0,3510
1087,0.0,3510
1088,0.0,3510
1089,0.0,3510
1090,0.0,3510
1091,0.0,3510
1092,0.0,3510
1093,0.0,3510
1094,0.0,3510
1095,0.0,3531
1096,0.0,3531
1097,0.0,3531
1098,0.0,3531
1099,0.0,3531
1100,0.0,3531
1101,0.0,3531
1102,0.0,3531
1103,0.0,3531
1104,0.0,3531
1105,0.0,3531
1106,0.0,3531
1107,0.0,3531
1108,0.0,3531
1109,0.0,3531
1110,0.0,3577
1111,0.0,3577
1112,0.0,3577
1113,0.0,3577
1114,0.0,3577
1115,0.0,3577
1116,0.0,3577
1117,0.0,3577
1118,0.0,3577
1119,0.0,3577
1120,0.0,3577
1121,0.0,3577
1122,0.0,3577
1123,0.0,3577
1124,0.0,3577
1125,0.0,3631
1126,0.0,3631
1127,0.0,3631
1128,0.0,3631
1129,0.0,3631
1130,0.0,3631
1131,0.0,3631
1132,0.0,3631
1133,0.0,3631
1134,0.0,3631
1135,0.0,3631
1136,0.0,3631
1137,0.0,3631
1138,0.0,3631
1139,0.0,3631
1140,0.0,3678
1141,0.0,3678
1142,0.0,3678
1143,0.0,3678
1144,0.0,3678
1145,0.0,3678
1146,0.0,3678
1147,0.0,3678
1148,0.0,3678
1149,0.0,3678
1150,0.0,3678
1151,0.0,3678
1152,0.0,3678
1153,0.0,3678
1154,0.0,3678
1155,0.0,3721
1156,0.0,3721
1157,0.0,3721
1158,0.0,3721
1159,0.0,3721
1160,0.0,3721
1161,0.0,3721
1162,0.0,3721
1163,0.0,3721
1164,0.0,3721
1165,0.0,3721
1166,0.0,3721
1167,0.0,3721
1168,0.0,3721
1169,0.0,3721
1170,0.0,3778
1171,0.0,3778
1172,0.0,3778
1173,0.0,3778
1174,0.0,3778
1175,0.0,3778
1176,0.0,3778
1177,0.0,3778
1178,0.0,3778
1179,0.0,3778
1180,0.0,3778
1181,0.0,3778
1182,0.0,3778
1183,0.0,3778
1184,0.0,3778
1185,0.0,3831
1186,0.0,3831
1187,0.0,3831
1188,0.0,3831
1189,0.0,3831
1190,0.0,3831
1191,0.0,3831
1192,0.0,3831
1193,0.0,3831
1194,0.0,3831
1195,0.0,3831
1196,0.0,3831
1197,0.0,3831
1198,0.0,3831
1199,0.0,3831
1200,0.0,3873
1201,0.0,3873
1202,0.0,3873
1203,0.0,3873
1204,0.0,3873
1205,0.0,3873
1206,0.0,3873
1207,0.0,3873
1208,0.0,3873
1209,0.0,3873
1210,0.0,3873
1211,0.0,3873
1212,0.0,3873
1213,0.0,3873
1214,0.0,3873
1215,0.0,3886
1216,0.0,3886
1217,0.0,3886
1218,0.0,3886
1219,0.0,3886
1220,0.0,3886
1221,0.0,3886
1222,0.0,3886
1223,0.0,3886
1224,0.0,3886
1225,0.0,3886
1226,0.0,3886
1227,0.0,3886
1228,0.0,3886
1229,0.0,3886
1230,0.0,3893
1231,0.0,3893
1232,0.0,3893
1233,0.0,3893
1234,0.0,3893
1235,0.0,3893
1236,0.0,3893
1237,0.0,3893
1238,0.0,3893
1239,0.0,3893
1240,0.0,3893
1241,0.0,3893
1242,0.0,3893
1243,0.0,3893
1244,0.0,3893
1245,0.0,3916
1246,0.0,3916
1247,0.0,3916
1248,0.0,3916
1249,0.0,3916
1250,0.0,3916
1251,0.0,3916
1252,0.0,3916
1253,0.0,3916
1254,0.0,3916
1255,0.0,3916
1256,0.0,3916
1257,0.0,3916
1258,0.0,3916
1259,0.0,3916
1260,0.0,4022
1261,0.0,4022
1262,0.0,4022
1263,0.0,4022
1264,0.0,4022
1265,0.0,4022
1266,0.0,4022
1267,0.0,4022
1268,0.0,4022
1269,0.0,4022
1270,0.0,4022
1271,0.0,4022
1272,0.0,4022
1273,0.0,4022
1274,0.0,4022
1275,0.0,4042
1276,0.0,4042
1277,0.0,4042
1278,0.0,4042
1279,0.0,4042
1280,0.0,4042
1281,0.0,4042
1282,0.0,4042
1283,0.0,4042
1284,0.0,4042
1285,0.0,4042
1286,0.0,4042
1287,0.0,4042
1288,0.0,4042
1289,0.0,4042
1290,0.0,4213
1291,0.0,4213
1292,0.0,4213
1293,0.0,4213
1294,0.0,4213
1295,0.0,4213
1296,0.0,4213
1297,0.0,4213
1298,0.0,4213
1299,0.0,4213
1300,0.0,4213
1301,0.0,4213
1302,0.0,4213
1303,0.0,4213
1304,0.0,4213
1305,0.0,4220
1306,0.0,4220
1307,0.0,4220
1308,0.0,4220
1309,0.0,4220
1310,0.0,4220
1311,0.0,4220
1312,0.0,4220
1313,0.0,4220
1314,0.0,4220
1315,0.0,4220
1316,0.0,4220
1317,0.0,4220
1318,0.0,4220
1319,0.0,4220
1320,0.0,4224
1321,0.0,4224
1322,0.0,4224
1323,0.0,4224
1324,0.0,4224
1325,0.0,4224
1326,0.0,4224
1327,0.0,4224
1328,0.0,4224
1329,0.0,4224
1330,0.0,4224
1331,0.0,4224
1332,0.0,4224
1333,0.0,4224
1334,0.0,4224
1335,0.0,4298
1336,0.0,4298
1337,0.0,4298
1338,0.0,4298
1339,0.0,4298
1340,0.0,4298
1341,0.0,4298
1342,0.0,4298
1343,0.0,4298
1344,0.0,4298
1345,0.0,4298
1346,0.0,4298
1347,0.0,4298
1348,0.0,4298
1349,0.0,4298
1350,0.0,4342
1351,0.0,4342
1352,0.0,4342
1353,0.0,4342
1354,0.0,4342
1355,0.0,4342
1356,0.0,4342
1357,0.0,4342
1358,0.0,4342
1359,0.0,4342
1360,0.0,4342
1361,0.0,4342
1362,0.0,4342
1363,0.0,4342
1364,0.0,4342
1365,0.0,4375
1366,0.0,4375
1367,0.0,4375
1368,0.0,4375
1369,0.0,4375
1370,0.0,4375
1371,0.0,4375
1372,0.0,4375
1373,0.0,4375
1374,0.0,4375
1375,0.0,4375
1376,0.0,4375
1377,0.0,4375
1378,0.0,4375
1379,0.0,4375
1380,0.0,4416
1381,0.0,4416
1382,0.0,4416
1383,0.0,4416
1384,0.0,4416
1385,0.0,4416
1386,0.0,4416
1387,0.0,4416
1388,0.0,4416
1389,0.0,4416
1390,0.0,4416
1391,0.0,4416
1392,0.0,4416
1393,0.0,4416
1394,0.0,4416
1395,0.0,4438
1396,0.0,4438
1397,0.0,4438
1398,0.0,4438
1399,0.0,4438
1400,0.0,4438
1401,0.0,4438
1402,0.0,4438
1403,0.0,4438
1404,0.0,4438
1405,0.0,4438
1406,0.0,4438
1407,0.0,4438
1408,0.0,4438
1409,0.0,4438
1410,0.0,4473
1411,0.0,4473
1412,0.0,4473
1413,0.0,4473
1414,0.0,4473
1415,0.0,4473
1416,0.0,4473
1417,0.0,4473
1418,0.0,4473
1419,0.0,4473
1420,0.0,4473
1421,0.0,4473
1422,0.0,4473
1423,0.0,4473
1424,0.0,4473
1425,0.0,4575
1426,0.0,4575
1427,0.0,4575
1428,0.0,4575
1429,0.0,4575
1430,0.0,4575
1431,0.0,4575
1432,0.0,4575
1433,0.0,4575
1434,0.0,4575
1435,0.0,4575
1436,0.0,4575
1437,0.0,4575
1438,0.0,4575
1439,0.0,4575
1440,0.0,4590
1441,0.0,4590
1442,0.0,4590
1443,0.0,4590
1444,0.0,4590
1445,0.0,4590
1446,0.0,4590
1447,0.0,4590
1448,0.0,4590
1449,0.0,4590
1450,0.0,4590
1451,0.0,4590
1452,0.0,4590
1453,0.0,4590
1454,0.0,4590
1455,0.0,4633
1456,0.0,4633
1457,0.0,4633
1458,0.0,4633
1459,0.0,4633
1460,0.0,4633
1461,0.0,4633
1462,0.0,4633
1463,0.0,4633
1464,0.0,4633
1465,0.0,4633
1466,0.0,4633
1467,0.0,4633
1468,0.0,4633
1469,0.0,4633
1470,0.0,4641
1471,0.0,4641
1472,0.0,4641
1473,0.0,4641
1474,0.0,4641
1475,0.0,4641
1476,0.0,4641
1477,0.0,4641
1478,0.0,4641
1479,0.0,4641
1480,0.0,4641
1481,0.0,4641
1482,0.0,4641
1483,0.0,4641
1484,0.0,4641
1485,0.0,4660
1486,0.0,4660
1487,0.0,4660
1488,0.0,4660
1489,0.0,4660
1490,0.0,4660
1491,0.0,4660
1492,0.0,4660
1493,0.0,4660
1494,0.0,4660
1495,0.0,4660
1496,0.0,4660
1497,0.0,4660
1498,0.0,4660
1499,0.0,4660
1500,0.0,4674
1501,0.0,4674
1502,0.0,4674
1503,0.0,4674
1504,0.0,4674
1505,0.0,4674
1506,0.0,4674
1507,0.0,4674
1508,0.0,4674
1509,0.0,4674
1510,0.0,4674
1511,0.0,4674
1512,0.0,4674
1513,0.0,4674
1514,0.0,4674
1515,0.0,4856
1516,0.0,4856
1517,0.0,4856
1518,0.0,4856
1519,0.0,4856
1520,0.0,4856
1521,0.0,4856
1522,0.0,4856
1523,0.0,4856
1524,0.0,4856
1525,0.0,4856
1526,0.0,4856
1527,0.0,4856
1528,0.0,4856
1529,0.0,4856
1530,0.0,4946
1531,0.0,4946
1532,0.0,4946
1533,0.0,4946
1534,0.0,4946
1535,0.0,4946
1536,0.0,4946
1537,0.0,4946
1538,0.0,4946
1539,0.0,4946
1540,0.0,4946
1541,0.0,4946
1542,0.0,4946
1543,0.0,4946
1544,0.0,4946
1545,0.0,4998
1546,0.0,4998
1547,0.0,4998
1548,0.0,4998
1549,0.0,4998
1550,0.0,4998
1551,0.0,4998
1552,0.0,4998
1553,0.0,4998
1554,0.0,4998
1555,0.0,4998
1556,0.0,4998
1557,0.0,4998
1558,0.0,4998
1559,0.0,4998
1560,0.0,5026
1561,0.0,5026
1562,0.0,5026
1563,0.0,5026
1564,0.0,5026
1565,0.0,5026
1566,0.0,5026
1567,0.0,5026
1568,0.0,5026
1569,0.0,5026
1570,0.0,5026
1571,0.0,5026
1572,0.0,5026
1573,0.0,5026
1574,0.0,5026
1575,0.0,5060
1576,0.0,5060
1577,0.0,5060
1578,0.0,5060
1579,0.0,5060
1580,0.0,5060
1581,0.0,5060
1582,0.0,5060
1583,0.0,5060
1584,0.0,5060
1585,0.0,5060
1586,0.0,5060
1587,0.0,5060
1588,0.0,5060
1589,0.0,5060
1590,0.0,5087
1591,0.0,5087
1592,0.0,5087
1593,0.0,5087
1594,0.0,5087
1595,0.0,5087
1596,0.0,5087
1597,0.0,5087
1598,0.0,5087
1599,0.0,5087
1600,0.0,5087
1601,0.0,5087
1602,0.0,5087
1603,0.0,5087
1604,0.0,5087
1605,0.0,5109
1606,0.0,5109
1607,0.0,5109
1608,0.0,5109
1609,0.0,5109
1610,0.0,5109
1611,0.0,5109
1612,0.0,5109
1613,0.0,5109
1614,0.0,5109
1615,0.0,5109
1616,0.0,5109
1617,0.0,5109
1618,0.0,5109
1619,0.0,5109
1620,0.0,5252
1621,0.0,5252
1622,0.0,5252
1623,0.0,5252
1624,0.0,5252
1625,0.0,5252
1626,0.0,5252
1627,0.0,5252
1628,0.0,5252
1629,0.0,5252
1630,0.0,5252
1631,0.0,5252
1632,0.0,5252
1633,0.0,5252
1634,0.0,5252
1635,0.0,5279
1636,0.0,5279
1637,0.0,5279
1638,0.0,5279
1639,0.0,5279
1640,0.0,5279
1641,0.0,5279
1642,0.0,5279
1643,0.0,5279
1644,0.0,5279
1645,0.0,5279
1646,0.0,5279
1647,0.0,5279
1648,0.0,5279
1649,0.0,5279
1650,0.0,5317
1651,0.0,5317
1652,0.0,5317
1653,0.0,5317
1654,0.0,5317
1655,0.0,5317
1656,0.0,5317
1657,0.0,5317
1658,0.0,5317
1659,0.0,5317
1660,0.0,5317
1661,0.0,5317
1662,0.0,5317
1663,0.0,5317
1664,0.0,5317
1665,0.0,5356
1666,0.0,5356
1667,0.0,5356
1668,0.0,5356
1669,0.0,5356
1670,0.0,5356
1671,0.0,5356
1672,0.0,5356
1673,0.0,5356
1674,0.0,5356
1675,0.0,5356
1676,0.0,5356
1677,0.0,5356
1678,0.0,5356
1679,0.0,5356
1680,0.0,5371
1681,0.0,5371
1682,0.0,5371
1683,0.0,5371
1684,0.0,5371
1685,0.0,5371
1686,0.0,5371
1687,0.0,5371
1688,0.0,5371
1689,0.0,5371
1690,0.0,5371
1691,0.0,5371
1692,0.0,5371
1693,0.0,5371
1694,0.0,5371
1695,0.0,5456
1696,0.0,5456
1697,0.0,5456
1698,0.0,5456
1699,0.0,5456
1700,0.0,5456
1701,0.0,5456
1702,0.0,5456
1703,0.0,5456
1704,0.0,5456
1705,0.0,5456
1706,0.0,5456
1707,0.0,5456
1708,0.0,5456
1709,0.0,5456
1710,0.0,5568
1711,0.0,5568
1712,0.0,5568
1713,0.0,5568
1714,0.0,5568
1715,0.0,5568
1716,0.0,5568
1717,0.0,5568
1718,0.0,5568
1719,0.0,5568
1720,0.0,5568
1721,0.0,5568
1722,0.0,5568
1723,0.0,5568
1724,0.0,5568
1725,0.0,5673
1726,0.0,5673
1727,0.0,5673
1728,0.0,5673
1729,0.0,5673
1730,0.0,5673
1731,0.0,5673
1732,0.0,5673
1733,0.0,5673
1734,0.0,5673
1735,0.0,5673
1736,0.0,5673
1737,0.0,5673
1738,0.0,5673
1739,0.0,5673
1740,0.0,5677
1741,0.0,5677
1742,0.0,5677
1743,0.0,5677
1744,0.0,5677
1745,0.0,5677
1746,0.0,5677
1747,0.0,5677
1748,0.0,5677
1749,0.0,5677
1750,0.0,5677
1751,0.0,5677
1752,0.0,5677
1753,0.0,5677
1754,0.0,5677
1755,0.0,5718
1756,0.0,5718
1757,0.0,5718
1758,0.0,5718
1759,0.0,5718
1760,0.0,5718
1761,0.0,5718
1762,0.0,5718
1763,0.0,5718
1764,0.0,5718
1765,0.0,5718
1766,0.0,5718
1767,0.0,5718
1768,0.0,5718
1769,0.0,5718
1770,0.0,5746
1771,0.0,5746
1772,0.0,5746
1773,0.0,5746
1774,0.0,5746
1775,0.0,5746
1776,0.0,5746
1777,0.0,5746
1778,0.0,5746
1779,0.0,5746
1780,0.0,5746
1781,0.0,5746
1782,0.0,5746
1783,0.0,5746
1784,0.0,5746
1785,0.0,5809
1786,0.0,5809
1787,0.0,5809
1788,0.0,5809
1789,0.0,5809
1790,0.0,5809
1791,0.0,5809
1792,0.0,5809
1793,0.0,5809
1794,0.0,5809
1795,0.0,5809
1796,0.0,5809
1797,0.0,5809
1798,0.0,5809
1799,0.0,5809
1800,0.0,5810
1801,0.0,5810
1802,0.0,5810
1803,0.0,5810
1804,0.0,5810
1805,0.0,5810
1806,0.0,5810
1807,0.0,5810
1808,0.0,5810
1809,0.0,5810
1810,0.0,5810
1811,0.0,5810
1812,0.0,5810
1813,0.0,5810
1814,0.0,5810
1815,0.0,5814
1816,0.0,5814
1817,0.0,5814
1818,0.0,5814
1819,0.0,5814
1820,0.0,5814
1821,0.0,5814
1822,0.0,5814
1823,0.0,5814
1824,0.0,5814
1825,0.0,5814
1826,0.0,5814
1827,0.0,5814
1828,0.0,5814
1829,0.0,5814
1830,0.0,5889
1831,0.0,5889
1832,0.0,5889
1833,0.0,5889
1834,0.0,5889
1835,0.0,5889
1836,0.0,5889
1837,0.0,5889
1838,0.0,5889
1839,0.0,5889
1840,0.0,5889
1841,0.0,5889
1842,0.0,5889
1843,0.0,5889
1844,0.0,5889
1845,0.0,5949
1846,0.0,5949
1847,0.0,5949
1848,0.0,5949
1849,0.0,5949
1850,0.0,5949
1851,0.0,5949
1852,0.0,5949
1853,0.0,5949
1854,0.0,5949
1855,0.0,5949
1856,0.0,5949
1857,0.0,5949
1858,0.0,5949
1859,0.0,5949
1860,0.0,5959
1861,0.0,5959
1862,0.0,5959
1863,0.0,5959
1864,0.0,5959
1865,0.0,5959
1866,0.0,5959
1867,0.0,5959
1868,0.0,5959
1869,0.0,5959
1870,0.0,5959
1871,0.0,5959
1872,0.0,5959
1873,0.0,5959
1874,0.0,5959
1875,0.0,6012
1876,0.0,6012
1877,0.0,6012
1878,0.0,6012
1879,0.0,6012
1880,0.0,6012
1881,0.0,6012
1882,0.0,6012
1883,0.0,6012
1884,0.0,6012
1885,0.0,6012
1886,0.0,6012
1887,0.0,6012
1888,0.0,6012
1889,0.0,6012
1890,0.0,6101
1891,0.0,6101
1892,0.0,6101
1893,0.0,6101
1894,0.0,6101
1895,0.0,6101
1896,0.0,6101
1897,0.0,6101
1898,0.0,6101
1899,0.0,6101
1900,0.0,6101
1901,0.0,6101
1902,0.0,6101
1903,0.0,6101
1904,0.0,6101
1905,0.0,6108
1906,0.0,6108
1907,0.0,6108
1908,0.0,6108
1909,0.0,6108
1910,0.0,6108
1911,0.0,6108
1912,0.0,6108
1913,0.0,6108
1914,0.0,6108
1915,0.0,6108
1916,0.0,6108
1917,0.0,6108
1918,0.0,6108
1919,0.0,6108
1920,0.0,6125
1921,0.0,6125
1922,0.0,6125
1923,0.0,6125
1924,0.0,6125
1925,0.0,6125
1926,0.0,6125
1927,0.0,6125
1928,0.0,6125
1929,0.0,6125
1930,0.0,6125
1931,0.0,6125
1932,0.0,6125
1933,0.0,6125
1934,0.0,6125
1935,0.0,6165
1936,0.0,6165
1937,0.0,6165
1938,0.0,6165
1939,0.0,6165
1940,0.0,6165
1941,0.0,6165
1942,0.0,6165
1943,0.0,6165
1944,0.0,6165
1945,0.0,6165
1946,0.0,6165
1947,0.0,6165
1948,0.0,6165
1949,0.0,6165
1950,0.0,6286
1951,0.0,6286
1952,0.0,6286
1953,0.0,6286
1954,0.0,6286
1955,0.0,6286
1956,0.0,6286
1957,0.0,6286
1958,0.0,6286
1959,0.0,6286
1960,0.0,6286
1961,0.0,6286
1962,0.0,6286
1963,0.0,6286
1964,0.0,6286
1965,0.0,6334
1966,0.0,6334
1967,0.0,6334
1968,0.0,6334
1969,0.0,6334
1970,0.0,6334
1971,0.0,6334
1972,0.0,6334
1973,0.0,6334
1974,0.0,6334
1975,0.0,6334
1976,0.0,6334
1977,0.0,6334
1978,0.0,6334
1979,0.0,6334
1980,0.0,6460
1981,0.0,6460
1982,0.0,6460
1983,0.0,6460
1984,0.0,6460
1985,0.0,6460
1986,0.0,6460
1987,0.0,6460
1988,0.0,6460
1989,0.0,6460
1990,0.0,6460
1991,0.0,6460
1992,0.0,6460
1993,0.0,6460
1994,0.0,6460
1995,0.0,6498
1996,0.0,6498
1997,0.0,6498
1998,0.0,6498
1999,0.0,6498
2000,0.0,6498
2001,0.0,6498
2002,0.0,6498
2003,0.0,6498
2004,0.0,6498
2005,0.0,6498
2006,0.0,6498
2007,0.0,6498
2008,0.0,6498
2009,0.0,6498
2010,0.0,6536
2011,0.0,6536
2012,0.0,6536
2013,0.0,6536
2014,0.0,6536
2015,0.0,6536
2016,0.0,6536
2017,0.0,6536
2018,0.0,6536
2019,0.0,6536
2020,0.0,6536
2021,0.0,6536
2022,0.0,6536
2023,0.0,6536
2024,0.0,6536
2025,0.0,6692
2026,0.0,6692
2027,0.0,6692
2028,0.0,6692
2029,0.0,6692
2030,0.0,6692
2031,0.0,6692
2032,0.0,6692
2033,0.0,6692
2034,0.0,6692
2035,0.0,6692
2036,0.0,6692
2037,0.0,6692
2038,0.0,6692
2039,0.0,6692
2040,0.0,6730
2041,0.0,6730
2042,0.0,6730
2043,0.0,6730
2044,0.0,6730
2045,0.0,6730
2046,0.0,6730
2047,0.0,6730
2048,0.0,6730
2049,0.0,6730
2050,0.0,6730
2051,0.0,6730
2052,0.0,6730
2053,0.0,6730
2054,0.0,6730
2055,0.0,6799
2056,0.0,6799
2057,0.0,6799
2058,0.0,6799
2059,0.0,6799
2060,0.0,6799
2061,0.0,6799
2062,0.0,6799
2063,0.0,6799
2064,0.0,6799
2065,0.0,6799
2066,0.0,6799
2067,0.0,6799
2068,0.0,6799
2069,0.0,6799
2070,0.0,6910
2071,0.0,6910
2072,0.0,6910
2073,0.0,6910
2074,0.0,6910
2075,0.0,6910
2076,0.0,6910
2077,0.0,6910
2078,0.0,6910
2079,0.0,6910
2080,0.0,6910
2081,0.0,6910
2082,0.0,6910
2083,0.0,6910
2084,0.0,6910
2085,0.0,7117
2086,0.0,7117
2087,0.0,7117
2088,0.0,7117
2089,0.0,7117
2090,0.0,7117
2091,0.0,7117
2092,0.0,7117
2093,0.0,7117
2094,0.0,7117
2095,0.0,7117
2096,0.0,7117
2097,0.0,7117
2098,0.0,7117
2099,0.0,7117
2100,0.0,7122
2101,0.0,7122
2102,0.0,7122
2103,0.0,7122
2104,0.0,7122
2105,0.0,7122
2106,0.0,7122
2107,0.0,7122
2108,0.0,7122
2109,0.0,7122
2110,0.0,7122
2111,0.0,7122
2112,0.0,7122
2113,0.0,7122
2114,0.0,7122
2115,0.0,7276
2116,0.0,7276
2117,0.0,7276
2118,0.0,7276
2119,0.0,7276
2120,0.0,7276
2121,0.0,7276
2122,0.0,7276
2123,0.0,7276
2124,0.0,7276
2125,0.0,7276
2126,0.0,7276
2127,0.0,7276
2128,0.0,7276
2129,0.0,7276
2130,0.0,7361
2131,0.0,7361
2132,0.0,7361
2133,0.0,7361
2134,0.0,7361
2135,0.0,7361
2136,0.0,7361
2137,0.0,7361
2138,0.0,7361
2139,0.0,7361
2140,0.0,7361
2141,0.0,7361
2142,0.0,7361
2143,0.0,7361
2144,0.0,7361
2145,0.0,7390
2146,0.0,7390
2147,0.0,7390
2148,0.0,7390
2149,0.0,7390
2150,0.0,7390
2151,0.0,7390
2152,0.0,7390
2153,0.0,7390
2154,0.0,7390
2155,0.0,7390
2156,0.0,7390
2157,0.0,7390
2158,0.0,7390
2159,0.0,7390
2160,0.0,7491
2161,0.0,7491
2162,0.0,7491
2163,0.0,7491
2164,0.0,7491
2165,0.0,7491
2166,0.0,7491
2167,0.0,7491
2168,0.0,7491
2169,0.0,7491
2170,0.0,7491
2171,0.0,7491
2172,0.0,7491
2173,0.0,7491
2174,0.0,7491
2175,0.0,7531
2176,0.0,7531
2177,0.0,7531
2178,0.0,7531
2179,0.0,7531
2180,0.0,7531
2181,0.0,7531
2182,0.0,7531
2183,0.0,7531
2184,0.0,7531
2185,0.0,7531
2186,0.0,7531
2187,0.0,7531
2188,0.0,7531
2189,0.0,7531
2190,0.0,7549
2191,0.0,7549
2192,0.0,7549
2193,0.0,7549
2194,0.0,7549
2195,0.0,7549
2196,0.0,7549
2197,0.0,7549
2198,0.0,7549
2199,0.0,7549
2200,0.0,7549
2201,0.0,7549
2202,0.0,7549
2203,0.0,7549
2204,0.0,7549
2205,0.0,7585
2206,0.0,7585
2207,0.0,7585
2208,0.0,7585
2209,0.0,7585
2210,0.0,7585
2211,0.0,7585
2212,0.0,7585
2213,0.0,7585
2214,0.0,7585
2215,0.0,7585
2216,0.0,7585
2217,0.0,7585
2218,0.0,7585
2219,0.0,7585
2220,0.0,7641
2221,0.0,7641
2222,0.0,7641
2223,0.0,7641
2224,0.0,7641
2225,0.0,7641
2226,0.0,7641
2227,0.0,7641
2228,0.0,7641
2229,0.0,7641
2230,0.0,7641
2231,0.0,7641
2232,0.0,7641
2233,0.0,7641
2234,0.0,7641
2235,0.0,7693
2236,0.0,7693
2237,0.0,7693
2238,0.0,7693
2239,0.0,7693
2240,0.0,7693
2241,0.0,7693
2242,0.0,7693
2243,0.0,7693
2244,0.0,7693
2245,0.0,7693
2246,0.0,7693
2247,0.0,7693
2248,0.0,7693
2249,0.0,7693
2250,0.0,7703
2251,0.0,7703
2252,0.0,7703
2253,0.0,7703
2254,0.0,7703
2255,0.0,7703
2256,0.0,7703
2257,0.0,7703
2258,0.0,7703
2259,0.0,7703
2260,0.0,7703
2261,0.0,7703
2262,0.0,7703
2263,0.0,7703
2264,0.0,7703
2265,0.0,7764
2266,0.0,7764
2267,0.0,7764
2268,0.0,7764
2269,0.0,7764
2270,0.0,7764
2271,0.0,7764
2272,0.0,7764
2273,0.0,7764
2274,0.0,7764
2275,0.0,7764
2276,0.0,7764
2277,0.0,7764
2278,0.0,7764
2279,0.0,7764
2280,0.0,7769
2281,0.0,7769
2282,0.0,7769
2283,0.0,7769
2284,0.0,7769
2285,0.0,7769
2286,0.0,7769
2287,0.0,7769
2288,0.0,7769
2289,0.0,7769
2290,0.0,7769
2291,0.0,7769
2292,0.0,7769
2293,0.0,7769
2294,0.0,7769
2295,0.0,7787
2296,0.0,7787
2297,0.0,7787
2298,0.0,7787
2299,0.0,7787
2300,0.0,7787
2301,0.0,7787
2302,0.0,7787
2303,0.0,7787
2304,0.0,7787
2305,0.0,7787
2306,0.0,7787
2307,0.0,7787
2308,0.0,7787
2309,0.0,7787
2310,0.0,7866
2311,0.0,7866
2312,0.0,7866
2313,0.0,7866
2314,0.0,7866
2315,0.0,7866
2316,0.0,7866
2317,0.0,7866
2318,0.0,7866
2319,0.0,7866
2320,0.0,7866
2321,0.0,7866
2322,0.0,7866
2323,0.0,7866
2324,0.0,7866
2325,0.0,7901
2326,0.0,7901
2327,0.0,7901
2328,0.0,7901
2329,0.0,7901
2330,0.0,7901
2331,0.0,7901
2332,0.0,7901
2333,0.0,7901
2334,0.0,7901
2335,0.0,7901
2336,0.0,7901
2337,0.0,7901
2338,0.0,7901
2339,0.0,7901
2340,0.0,7951
2341,0.0,7951
2342,0.0,7951
2343,0.0,7951
2344,0.0,7951
2345,0.0,7951
2346,0.0,7951
2347,0.0,7951
2348,0.0,7951
2349,0.0,7951
2350,0.0,7951
2351,0.0,7951
2352,0.0,7951
2353,0.0,7951
2354,0.0,7951
2355,0.0,8029
2356,0.0,8029
2357,0.0,8029
2358,0.0,8029
2359,0.0,8029
2360,0.0,8029
2361,0.0,8029
2362,0.0,8029
2363,0.0,8029
2364,0.0,8029
2365,0.0,8029
2366,0.0,8029
2367,0.0,8029
2368,0.0,8029
2369,0.0,8029
2370,0.0,8031
2371,0.0,8031
2372,0.0,8031
2373,0.0,8031
2374,0.0,8031
2375,0.0,8031
2376,0.0,8031
2377,0.0,8031
2378,0.0,8031
2379,0.0,8031
2380,0.0,8031
2381,0.0,8031
2382,0.0,8031
2383,0.0,8031
2384,0.0,8031
2385,0.0,8034
2386,0.0,8034
2387,0.0,8034
2388,0.0,8034
2389,0.0,8034
2390,0.0,8034
2391,0.0,8034
2392,0.0,8034
2393,0.0,8034
2394,0.0,8034
2395,0.0,8034
2396,0.0,8034
2397,0.0,8034
2398,0.0,8034
2399,0.0,8034
2400,0.0,8079
2401,0.0,8079
2402,0.0,8079
2403,0.0,8079
2404,0.0,8079
2405,0.0,8079
2406,0.0,8079
2407,0.0,8079
2408,0.0,8079
2409,0.0,8079
2410,0.0,8079
2411,0.0,8079
2412,0.0,8079
2413,0.0,8079
2414,0.0,8079
2415,0.0,8122
2416,0.0,8122
2417,0.0,8122
2418,0.0,8122
2419,0.0,8122
2420,0.0,8122
2421,0.0,8122
2422,0.0,8122
2423,0.0,8122
2424,0.0,8122
2425,0.0,8122
2426,0.0,8122
2427,0.0,8122
2428,0.0,8122
2429,0.0,8122
2430,0.0,8142
2431,0.0,8142
2432,0.0,8142
2433,0.0,8142
2434,0.0,8142
2435,0.0,8142
2436,0.0,8142
2437,0.0,8142
2438,0.0,8142
2439,0.0,8142
2440,0.0,8142
2441,0.0,8142
2442,0.0,8142
2443,0.0,8142
2444,0.0,8142
2445,0.0,8163
2446,0.0,8163
2447,0.0,8163
2448,0.0,8163
2449,0.0,8163
2450,0.0,8163
2451,0.0,8163
2452,0.0,8163
2453,0.0,8163
2454,0.0,8163
2455,0.0,8163
2456,0.0,8163
2457,0.0,8163
2458,0.0,8163
2459,0.0,8163
2460,0.0,8183
2461,0.0,8183
2462,0.0,8183
2463,0.0,8183
2464,0.0,8183
2465,0.0,8183
2466,0.0,8183
2467,0.0,8183
2468,0.0,8183
2469,0.0,8183
2470,0.0,8183
2471,0.0,8183
2472,0.0,8183
2473,0.0,8183
2474,0.0,8183
2475,0.0,8188
2476,0.0,8188
2477,0.0,8188
2478,0.0,8188
2479,0.0,8188
2480,0.0,8188
2481,0.0,8188
2482,0.0,8188
2483,0.0,8188
2484,0.0,8188
2485,0.0,8188
2486,0.0,8188
2487,0.0,8188
2488,0.0,8188
2489,0.0,8188
2490,0.0,8282
2491,0.0,8282
2492,0.0,8282
2493,0.0,8282
2494,0.0,8282
2495,0.0,8282
2496,0.0,8282
2497,0.0,8282
2498,0.0,8282
2499,0.0,8282
2500,0.0,8282
2501,0.0,8282
2502,0.0,8282
2503,0.0,8282
2504,0.0,8282
2505,0.0,8292
2506,0.0,8292
2507,0.0,8292
2508,0.0,8292
2509,0.0,8292
2510,0.0,8292
2511,0.0,8292
2512,0.0,8292
2513,0.0,8292
2514,0.0,8292
2515,0.0,8292
2516,0.0,8292
2517,0.0,8292
2518,0.0,8292
2519,0.0,8292
2520,0.0,8386
2521,0.0,8386
2522,0.0,8386
2523,0.0,8386
2524,0.0,8386
2525,0.0,8386
2526,0.0,8386
2527,0.0,8386
2528,0.0,8386
2529,0.0,8386
2530,0.0,8386
2531,0.0,8386
2532,0.0,8386
2533,0.0,8386
2534,0.0,8386
2535,0.0,8565
2536,0.0,8565
2537,0.0,8565
2538,0.0,8565
2539,0.0,8565
2540,0.0,8565
2541,0.0,8565
2542,0.0,8565
2543,0.0,8565
2544,0.0,8565
2545,0.0,8565
2546,0.0,8565
2547,0.0,8565
2548,0.0,8565
2549,0.0,8565
2550,0.0,8600
2551,0.0,8600
2552,0.0,8600
2553,0.0,8600
2554,0.0,8600
2555,0.0,8600
2556,0.0,8600
2557,0.0,8600
2558,0.0,8600
2559,0.0,8600
2560,0.0,8600
2561,0.0,8600
2562,0.0,8600
2563,0.0,8600
2564,0.0,8600
2565,0.0,8807
2566,0.0,8807
2567,0.0,8807
2568,0.0,8807
2569,0.0,8807
2570,0.0,8807
2571,0.0,8807
2572,0.0,8807
2573,0.0,8807
2574,0.0,8807
2575,0.0,8807
2576,0.0,8807
2577,0.0,8807
2578,0.0,8807
2579,0.0,8807
2580,0.0,8847
2581,0.0,8847
2582,0.0,8847
2583,0.0,8847
2584,0.0,8847
2585,0.0,8847
2586,0.0,8847
2587,0.0,8847
2588,0.0,8847
2589,0.0,8847
2590,0.0,8847
2591,0.0,8847
2592,0.0,8847
2593,0.0,8847
2594,0.0,8847
2595,0.0,8848
2596,0.0,8848
2597,0.0,8848
2598,0.0,8848
2599,0.0,8848
2600,0.0,8848
2601,0.0,8848
2602,0.0,8848
2603,0.0,8848
2604,0.0,8848
2605,0.0,8848
2606,0.0,8848
2607,0.0,8848
2608,0.0,8848
2609,0.0,8848
2610,0.0,8942
2611,0.0,8942
2612,0.0,8942
2613,0.0,8942
2614,0.0,8942
2615,0.0,8942
2616,0.0,8942
2617,0.0,8942
2618,0.0,8942
2619,0.0,8942
2620,0.0,8942
2621,0.0,8942
2622,0.0,8942
2623,0.0,8942
2624,0.0,8942
2625,0.0,8956
2626,0.0,8956
2627,0.0,8956
2628,0.0,8956
2629,0.0,8956
2630,0.0,8956
2631,0.0,8956
2632,0.0,8956
2633,0.0,8956
2634,0.0,8956
2635,0.0,8956
2636,0.0,8956
2637,0.0,8956
2638,0.0,8956
2639,0.0,8956
2640,0.0,9141
2641,0.0,9141
2642,0.0,9141
2643,0.0,9141
2644,0.0,9141
2645,0.0,9141
2646,0.0,9141
2647,0.0,9141
2648,0.0,9141
2649,0.0,9141
2650,0.0,9141
2651,0.0,9141
2652,0.0,9141
2653,0.0,9141
2654,0.0,9141
2655,0.0,9182
2656,0.0,9182
2657,0.0,9182
2658,0.0,9182
2659,0.0,9182
2660,0.0,9182
2661,0.0,9182
2662,0.0,9182
2663,0.0,9182
2664,0.0,9182
2665,0.0,9182
2666,0.0,9182
2667,0.0,9182
2668,0.0,9182
2669,0.0,9182
2670,0.0,9343
2671,0.0,9343
2672,0.0,9343
2673,0.0,9343
2674,0.0,9343
2675,0.0,9343
2676,0.0,9343
2677,0.0,9343
2678,0.0,9343
2679,0.0,9343
2680,0.0,9343
2681,0.0,9343
2682,0.0,9343
2683,0.0,9343
2684,0.0,9343
2685,0.0,9356
2686,0.0,9356
2687,0.0,9356
2688,0.0,9356
2689,0.0,9356
2690,0.0,9356
2691,0.0,9356
2692,0.0,9356
2693,0.0,9356
2694,0.0,9356
2695,0.0,9356
2696,0.0,9356
2697,0.0,9356
2698,0.0,9356
2699,0.0,9356
2700,0.0,9434
2701,0.0,9434
2702,0.0,9434
2703,0.0,9434
2704,0.0,9434
2705,0.0,9434
2706,0.0,9434
2707,0.0,9434
2708,0.0,9434
2709,0.0,9434
2710,0.0,9434
2711,0.0,9434
2712,0.0,9434
2713,0.0,9434
2714,0.0,9434
2715,0.0,9484
2716,0.0,9484
2717,0.0,9484
2718,0.0,9484
2719,0.0,9484
2720,0.0,9484
2721,0.0,9484
2722,0.0,9484
2723,0.0,9484
2724,0.0,9484
2725,0.0,9484
2726,0.0,9484
2727,0.0,9484
2728,0.0,9484
2729,0.0,9484
2730,0.0,9609
2731,0.0,9609
2732,0.0,9609
2733,0.0,9609
2734,0.0,9609
2735,0.0,9609
2736,0.0,9609
2737,0.0,9609
2738,0.0,9609
2739,0.0,9609
2740,0.0,9609
2741,0.0,9609
2742,0.0,9609
2743,0.0,9609
2744,0.0,9609
2745,0.0,9613
2746,0.0,9613
2747,0.0,9613
2748,0.0,9613
2749,0.0,9613
2750,0.0,9613
2751,0.0,9613
2752,0.0,9613
2753,0.0,9613
2754,0.0,9613
2755,0.0,9613
2756,0.0,9613
2757,0.0,9613
2758,0.0,9613
2759,0.0,9613
2760,0.0,9624
2761,0.0,9624
2762,0.0,9624
2763,0.0,9624
2764,0.0,9624
2765,0.0,9624
2766,0.0,9624
2767,0.0,9624
2768,0.0,9624
2769,0.0,9624
2770,0.0,9624
2771,0.0,9624
2772,0.0,9624
2773,0.0,9624
2774,0.0,9624
2775,0.0,9643
2776,0.0,9643
2777,0.0,9643
2778,0.0,9643
2779,0.0,9643
2780,0.0,9643
2781,0.0,9643
2782,0.0,9643
2783,0.0,9643
2784,0.0,9643
2785,0.0,9643
2786,0.0,9643
2787,0.0,9643
2788,0.0,9643
2789,0.0,9643
2790,0.0,9654
2791,0.0,9654
2792,0.0,9654
2793,0.0,9654
2794,0.0,9654
2795,0.0,9654
2796,0.0,9654
2797,0.0,9654
2798,0.0,9654
2799,0.0,9654
2800,0.0,9654
2801,0.0,9654
2802,0.0,9654
2803,0.0,9654
2804,0.0,9654
2805,0.0,9701
2806,0.0,9701
2807,0.0,9701
2808,0.0,9701
2809,0.0,9701
2810,0.0,9701
2811,0.0,9701
2812,0.0,9701
2813,0.0,9701
2814,0.0,9701
2815,0.0,9701
2816,0.0,9701
2817,0.0,9701
2818,0.0,9701
2819,0.0,9701
2820,0.0,9745
2821,0.0,9745
2822,0.0,9745
2823,0.0,9745
2824,0.0,9745
2825,0.0,9745
2826,0.0,9745
2827,0.0,9745
2828,0.0,9745
2829,0.0,9745
2830,0.0,9745
2831,0.0,9745
2832,0.0,9745
2833,0.0,9745
2834,0.0,9745
2835,0.0,9766
2836,0.0,9766
2837,0.0,9766
2838,0.0,9766
2839,0.0,9766
2840,0.0,9766
2841,0.0,9766
2842,0.0,9766
2843,0.0,9766
2844,0.0,9766
2845,0.0,9766
2846,0.0,9766
2847,0.0,9766
2848,0.0,9766
2849,0.0,9766
2850,0.0,9771
2851,0.0,9771
2852,0.0,9771
2853,0.0,9771
2854,0.0,9771
2855,0.0,9771
2856,0.0,9771
2857,0.0,9771
2858,0.0,9771
2859,0.0,9771
2860,0.0,9771
2861,0.0,9771
2862,0.0,9771
2863,0.0,9771
2864,0.0,9771
2865,0.0,9875
2866,0.0,9875
2867,0.0,9875
2868,0.0,9875
2869,0.0,9875
2870,0.0,9875
2871,0.0,9875
2872,0.0,9875
2873,0.0,9875
2874,0.0,9875
2875,0.0,9875
2876,0.0,9875
2877,0.0,9875
2878,0.0,9875
2879,0.0,9875
2880,0.0,9912
2881,0.0,9912
2882,0.0,9912
2883,0.0,9912
2884,0.0,9912
2885,0.0,9912
2886,0.0,9912
2887,0.0,9912
2888,0.0,9912
2889,0.0,9912
2890,0.0,9912
2891,0.0,9912
2892,0.0,9912
2893,0.0,9912
2894,0.0,9912
2895,0.0,9915
2896,0.0,9915
2897,0.0,9915
2898,0.0,9915
2899,0.0,9915
2900,0.0,9915
2901,0.0,9915
2902,0.0,9915
2903,0.0,9915
2904,0.0,9915
2905,0.0,9915
2906,0.0,9915
2907,0.0,9915
2908,0.0,9915
2909,0.0,9915
2910,0.0,9921
2911,0.0,9921
2912,0.0,9921
2913,0.0,9921
2914,0.0,9921
2915,0.0,9921
2916,0.0,9921
2917,0.0,9921
2918,0.0,9921
2919,0.0,9921
2920,0.0,9921
2921,0.0,9921
2922,0.0,9921
2923,0.0,9921
2924,0.0,9921
2925,0.0,9922
2926,0.0,9922
2927,0.0,9922
2928,0.0,9922
2929,0.0,9922
2930,0.0,9922
2931,0.0,9922
2932,0.0,9922
2933,0.0,9922
2934,0.0,9922
2935,0.0,9922
2936,0.0,9922
2937,0.0,9922
2938,0.0,9922
2939,0.0,9922
2940,0.0,9926
2941,0.0,9926
2942,0.0,9926
2943,0.0,9926
2944,0.0,9926
2945,0.0,9926
2946,0.0,9926
2947,0.0,9926
2948,0.0,9926
2949,0.0,9926
2950,0.0,9926
2951,0.0,9926
2952,0.0,9926
2953,0.0,9926
2954,0.0,9926
2955,0.0,9933
2956,0.0,9933
2957,0.0,9933
2958,0.0,9933
2959,0.0,9933
2960,0.0,9933
2961,0.0,9933
2962,0.0,9933
2963,0.0,9933
2964,0.0,9933
2965,0.0,9933
2966,0.0,9933
2967,0.0,9933
2968,0.0,9933
2969,0.0,9933
2970,0.0,9934
2971,0.0,9934
2972,0.0,9934
2973,0.0,9934
2974,0.0,9934
2975,0.0,9934
2976,0.0,9934
2977,0.0,9934
2978,0.0,9934
2979,0.0,9934
2980,0.0,9934
2981,0.0,9934
2982,0.0,9934
2983,0.0,9934
2984,0.0,9934
2985,0.0,9938
2986,0.0,9938
2987,0.0,9938
2988,0.0,9938
2989,0.0,9938
2990,0.0,9938
2991,0.0,9938
2992,0.0,9938
2993,0.0,9938
2994,0.0,9938
2995,0.0,9938
2996,0.0,9938
2997,0.0,9938
2998,0.0,9938
2999,0.0,9938
